Analysis & Synthesis report for top_level
Tue Sep  8 13:55:25 2026
Quartus Prime Version 25.1std.0 Build 1129 10/21/2025 SC Lite Edition


---------------------
; Table of Contents ;
---------------------
  1. Legal Notice
  2. Analysis & Synthesis Summary
  3. Analysis & Synthesis Settings
  4. Parallel Compilation
  5. Analysis & Synthesis Source Files Read
  6. Analysis & Synthesis Resource Usage Summary
  7. Analysis & Synthesis Resource Utilization by Entity
  8. General Register Statistics
  9. Multiplexer Restructuring Statistics (Restructuring Performed)
 10. Parameter Settings for User Entity Instance: control_logic:ctrl_logic|three_bit_absolute_value_binary_to_7_segment_converter:mode_a_src0_adapter|n_bit_absolute_value:abs3
 11. Parameter Settings for User Entity Instance: control_logic:ctrl_logic|three_bit_absolute_value_binary_to_7_segment_converter:mode_a_src1_adapter|n_bit_absolute_value:abs3
 12. Parameter Settings for User Entity Instance: control_logic:ctrl_logic|three_bit_absolute_value_binary_to_7_segment_converter:mode_a_result_adapter|n_bit_absolute_value:abs3
 13. Parameter Settings for User Entity Instance: control_logic:ctrl_logic|eight_bit_absolute_value_binary_to_7_segment_BCD_converter:mode_b_concatenated_operand_adapter|n_bit_absolute_value:abs8
 14. Parameter Settings for User Entity Instance: control_logic:ctrl_logic|eight_bit_absolute_value_binary_to_7_segment_BCD_converter:mode_b_multiplexed_operand_adapter|n_bit_absolute_value:abs8
 15. Parameter Settings for User Entity Instance: control_logic:ctrl_logic|eight_bit_absolute_value_binary_to_7_segment_BCD_converter:mode_b_result_adapter|n_bit_absolute_value:abs8
 16. Parameter Settings for User Entity Instance: alu_param:alu_a
 17. Parameter Settings for User Entity Instance: alu_param:alu_b
 18. Parameter Settings for Inferred Entity Instance: control_logic:ctrl_logic|eight_bit_absolute_value_binary_to_7_segment_BCD_converter:mode_b_concatenated_operand_adapter|lpm_divide:Mod0
 19. Parameter Settings for Inferred Entity Instance: control_logic:ctrl_logic|eight_bit_absolute_value_binary_to_7_segment_BCD_converter:mode_b_result_adapter|lpm_divide:Mod0
 20. Parameter Settings for Inferred Entity Instance: control_logic:ctrl_logic|eight_bit_absolute_value_binary_to_7_segment_BCD_converter:mode_b_concatenated_operand_adapter|lpm_divide:Div0
 21. Parameter Settings for Inferred Entity Instance: control_logic:ctrl_logic|eight_bit_absolute_value_binary_to_7_segment_BCD_converter:mode_b_concatenated_operand_adapter|lpm_divide:Mod1
 22. Parameter Settings for Inferred Entity Instance: control_logic:ctrl_logic|eight_bit_absolute_value_binary_to_7_segment_BCD_converter:mode_b_result_adapter|lpm_divide:Div0
 23. Parameter Settings for Inferred Entity Instance: control_logic:ctrl_logic|eight_bit_absolute_value_binary_to_7_segment_BCD_converter:mode_b_result_adapter|lpm_divide:Mod1
 24. Parameter Settings for Inferred Entity Instance: control_logic:ctrl_logic|eight_bit_absolute_value_binary_to_7_segment_BCD_converter:mode_b_concatenated_operand_adapter|lpm_divide:Div1
 25. Parameter Settings for Inferred Entity Instance: control_logic:ctrl_logic|eight_bit_absolute_value_binary_to_7_segment_BCD_converter:mode_b_result_adapter|lpm_divide:Div1
 26. Parameter Settings for Inferred Entity Instance: control_logic:ctrl_logic|eight_bit_absolute_value_binary_to_7_segment_BCD_converter:mode_b_multiplexed_operand_adapter|lpm_divide:Mod0
 27. Parameter Settings for Inferred Entity Instance: control_logic:ctrl_logic|eight_bit_absolute_value_binary_to_7_segment_BCD_converter:mode_b_multiplexed_operand_adapter|lpm_divide:Div0
 28. Parameter Settings for Inferred Entity Instance: control_logic:ctrl_logic|eight_bit_absolute_value_binary_to_7_segment_BCD_converter:mode_b_multiplexed_operand_adapter|lpm_divide:Mod1
 29. Parameter Settings for Inferred Entity Instance: control_logic:ctrl_logic|eight_bit_absolute_value_binary_to_7_segment_BCD_converter:mode_b_multiplexed_operand_adapter|lpm_divide:Div1
 30. Port Connectivity Checks: "control_logic:ctrl_logic|three_bit_absolute_value_binary_to_7_segment_converter:mode_a_src0_adapter|seven_segment_adapter:adapter"
 31. Port Connectivity Checks: "control_logic:ctrl_logic"
 32. Post-Synthesis Netlist Statistics for Top Partition
 33. Elapsed Time Per Partition
 34. Analysis & Synthesis Messages



----------------
; Legal Notice ;
----------------
Copyright (C) 2025  Altera Corporation. All rights reserved.
Your use of Altera Corporation's design tools, logic functions 
and other software and tools, and any partner logic 
functions, and any output files from any of the foregoing 
(including device programming or simulation files), and any 
associated documentation or information are expressly subject 
to the terms and conditions of the Altera Program License 
Subscription Agreement, the Altera Quartus Prime License Agreement,
the Altera IP License Agreement, or other applicable license
agreement, including, without limitation, that your use is for
the sole purpose of programming logic devices manufactured by
Altera and sold by Altera or its authorized distributors.  Please
refer to the Altera Software License Subscription Agreements 
on the Quartus Prime software download page.



+-----------------------------------------------------------------------------------+
; Analysis & Synthesis Summary                                                      ;
+---------------------------------+-------------------------------------------------+
; Analysis & Synthesis Status     ; Successful - Tue Sep  8 13:55:25 2026           ;
; Quartus Prime Version           ; 25.1std.0 Build 1129 10/21/2025 SC Lite Edition ;
; Revision Name                   ; top_level                                       ;
; Top-level Entity Name           ; top_level                                       ;
; Family                          ; Cyclone V                                       ;
; Logic utilization (in ALMs)     ; N/A                                             ;
; Total registers                 ; 0                                               ;
; Total pins                      ; 60                                              ;
; Total virtual pins              ; 0                                               ;
; Total block memory bits         ; 0                                               ;
; Total DSP Blocks                ; 0                                               ;
; Total HSSI RX PCSs              ; 0                                               ;
; Total HSSI PMA RX Deserializers ; 0                                               ;
; Total HSSI TX PCSs              ; 0                                               ;
; Total HSSI PMA TX Serializers   ; 0                                               ;
; Total PLLs                      ; 0                                               ;
; Total DLLs                      ; 0                                               ;
+---------------------------------+-------------------------------------------------+


+---------------------------------------------------------------------------------------------------------------------------+
; Analysis & Synthesis Settings                                                                                             ;
+---------------------------------------------------------------------------------+--------------------+--------------------+
; Option                                                                          ; Setting            ; Default Value      ;
+---------------------------------------------------------------------------------+--------------------+--------------------+
; Device                                                                          ; 5CSXFC6D6F31C6     ;                    ;
; Top-level entity name                                                           ; top_level          ; top_level          ;
; Family name                                                                     ; Cyclone V          ; Cyclone V          ;
; Use smart compilation                                                           ; Off                ; Off                ;
; Enable parallel Assembler and Timing Analyzer during compilation                ; On                 ; On                 ;
; Enable compact report table                                                     ; Off                ; Off                ;
; Restructure Multiplexers                                                        ; Auto               ; Auto               ;
; MLAB Add Timing Constraints For Mixed-Port Feed-Through Mode Setting Don't Care ; Off                ; Off                ;
; Create Debugging Nodes for IP Cores                                             ; Off                ; Off                ;
; Preserve fewer node names                                                       ; On                 ; On                 ;
; Intel FPGA IP Evaluation Mode                                                   ; Enable             ; Enable             ;
; Verilog Version                                                                 ; Verilog_2001       ; Verilog_2001       ;
; VHDL Version                                                                    ; VHDL_1993          ; VHDL_1993          ;
; State Machine Processing                                                        ; Auto               ; Auto               ;
; Safe State Machine                                                              ; Off                ; Off                ;
; Extract Verilog State Machines                                                  ; On                 ; On                 ;
; Extract VHDL State Machines                                                     ; On                 ; On                 ;
; Ignore Verilog initial constructs                                               ; Off                ; Off                ;
; Iteration limit for constant Verilog loops                                      ; 5000               ; 5000               ;
; Iteration limit for non-constant Verilog loops                                  ; 250                ; 250                ;
; Add Pass-Through Logic to Inferred RAMs                                         ; On                 ; On                 ;
; Infer RAMs from Raw Logic                                                       ; On                 ; On                 ;
; Parallel Synthesis                                                              ; On                 ; On                 ;
; DSP Block Balancing                                                             ; Auto               ; Auto               ;
; NOT Gate Push-Back                                                              ; On                 ; On                 ;
; Power-Up Don't Care                                                             ; On                 ; On                 ;
; Remove Redundant Logic Cells                                                    ; Off                ; Off                ;
; Remove Duplicate Registers                                                      ; On                 ; On                 ;
; Ignore CARRY Buffers                                                            ; Off                ; Off                ;
; Ignore CASCADE Buffers                                                          ; Off                ; Off                ;
; Ignore GLOBAL Buffers                                                           ; Off                ; Off                ;
; Ignore ROW GLOBAL Buffers                                                       ; Off                ; Off                ;
; Ignore LCELL Buffers                                                            ; Off                ; Off                ;
; Ignore SOFT Buffers                                                             ; On                 ; On                 ;
; Limit AHDL Integers to 32 Bits                                                  ; Off                ; Off                ;
; Optimization Technique                                                          ; Balanced           ; Balanced           ;
; Carry Chain Length                                                              ; 70                 ; 70                 ;
; Auto Carry Chains                                                               ; On                 ; On                 ;
; Auto Open-Drain Pins                                                            ; On                 ; On                 ;
; Perform WYSIWYG Primitive Resynthesis                                           ; Off                ; Off                ;
; Auto ROM Replacement                                                            ; On                 ; On                 ;
; Auto RAM Replacement                                                            ; On                 ; On                 ;
; Auto DSP Block Replacement                                                      ; On                 ; On                 ;
; Auto Shift Register Replacement                                                 ; Auto               ; Auto               ;
; Allow Shift Register Merging across Hierarchies                                 ; Auto               ; Auto               ;
; Auto Clock Enable Replacement                                                   ; On                 ; On                 ;
; Strict RAM Replacement                                                          ; Off                ; Off                ;
; Allow Synchronous Control Signals                                               ; On                 ; On                 ;
; Force Use of Synchronous Clear Signals                                          ; Off                ; Off                ;
; Auto Resource Sharing                                                           ; Off                ; Off                ;
; Allow Any RAM Size For Recognition                                              ; Off                ; Off                ;
; Allow Any ROM Size For Recognition                                              ; Off                ; Off                ;
; Allow Any Shift Register Size For Recognition                                   ; Off                ; Off                ;
; Use LogicLock Constraints during Resource Balancing                             ; On                 ; On                 ;
; Ignore translate_off and synthesis_off directives                               ; Off                ; Off                ;
; Timing-Driven Synthesis                                                         ; On                 ; On                 ;
; Report Parameter Settings                                                       ; On                 ; On                 ;
; Report Source Assignments                                                       ; On                 ; On                 ;
; Report Connectivity Checks                                                      ; On                 ; On                 ;
; Ignore Maximum Fan-Out Assignments                                              ; Off                ; Off                ;
; Synchronization Register Chain Length                                           ; 3                  ; 3                  ;
; Power Optimization During Synthesis                                             ; Normal compilation ; Normal compilation ;
; HDL message level                                                               ; Level2             ; Level2             ;
; Suppress Register Optimization Related Messages                                 ; Off                ; Off                ;
; Number of Removed Registers Reported in Synthesis Report                        ; 5000               ; 5000               ;
; Number of Swept Nodes Reported in Synthesis Report                              ; 5000               ; 5000               ;
; Number of Inverted Registers Reported in Synthesis Report                       ; 100                ; 100                ;
; Clock MUX Protection                                                            ; On                 ; On                 ;
; Auto Gated Clock Conversion                                                     ; Off                ; Off                ;
; Block Design Naming                                                             ; Auto               ; Auto               ;
; SDC constraint protection                                                       ; Off                ; Off                ;
; Synthesis Effort                                                                ; Auto               ; Auto               ;
; Shift Register Replacement - Allow Asynchronous Clear Signal                    ; On                 ; On                 ;
; Pre-Mapping Resynthesis Optimization                                            ; Off                ; Off                ;
; Analysis & Synthesis Message Level                                              ; Medium             ; Medium             ;
; Disable Register Merging Across Hierarchies                                     ; Auto               ; Auto               ;
; Resource Aware Inference For Block RAM                                          ; On                 ; On                 ;
; Automatic Parallel Synthesis                                                    ; On                 ; On                 ;
; Partial Reconfiguration Bitstream ID                                            ; Off                ; Off                ;
+---------------------------------------------------------------------------------+--------------------+--------------------+


+------------------------------------------+
; Parallel Compilation                     ;
+----------------------------+-------------+
; Processors                 ; Number      ;
+----------------------------+-------------+
; Number detected on machine ; 24          ;
; Maximum allowed            ; 16          ;
;                            ;             ;
; Average used               ; 1.00        ;
; Maximum used               ; 16          ;
;                            ;             ;
; Usage by Processor         ; % Time Used ;
;     Processor 1            ; 100.0%      ;
;     Processor 2            ;   0.0%      ;
;     Processor 3            ;   0.0%      ;
;     Processor 4            ;   0.0%      ;
;     Processor 5            ;   0.0%      ;
;     Processor 6            ;   0.0%      ;
;     Processor 7            ;   0.0%      ;
;     Processor 8            ;   0.0%      ;
;     Processors 9-16        ;   0.0%      ;
+----------------------------+-------------+


+------------------------------------------------------------------------------------------------------------------------------------------------------------------------------------------------------------------------------------------------------------------------+
; Analysis & Synthesis Source Files Read                                                                                                                                                                                                                                 ;
+----------------------------------------------------------------------+-----------------+------------------------------+--------------------------------------------------------------------------------------------------------------------------------------+---------+
; File Name with User-Entered Path                                     ; Used in Netlist ; File Type                    ; File Name with Absolute Path                                                                                                         ; Library ;
+----------------------------------------------------------------------+-----------------+------------------------------+--------------------------------------------------------------------------------------------------------------------------------------+---------+
; ../src/top_level.sv                                                  ; yes             ; User SystemVerilog HDL File  ; C:/ByronBP/SemAct/Proyecto-Taller/group7_ce3201_s2_g1_2026/sprint1/src/top_level.sv                                                  ;         ;
; ../src/three_bit_absolute_value_binary_to_7_segment_converter.sv     ; yes             ; User SystemVerilog HDL File  ; C:/ByronBP/SemAct/Proyecto-Taller/group7_ce3201_s2_g1_2026/sprint1/src/three_bit_absolute_value_binary_to_7_segment_converter.sv     ;         ;
; ../src/seven_segment_adapter.sv                                      ; yes             ; User SystemVerilog HDL File  ; C:/ByronBP/SemAct/Proyecto-Taller/group7_ce3201_s2_g1_2026/sprint1/src/seven_segment_adapter.sv                                      ;         ;
; ../src/n_bit_absolute_value.sv                                       ; yes             ; User SystemVerilog HDL File  ; C:/ByronBP/SemAct/Proyecto-Taller/group7_ce3201_s2_g1_2026/sprint1/src/n_bit_absolute_value.sv                                       ;         ;
; ../src/mode_b_constants.sv                                           ; yes             ; User SystemVerilog HDL File  ; C:/ByronBP/SemAct/Proyecto-Taller/group7_ce3201_s2_g1_2026/sprint1/src/mode_b_constants.sv                                           ;         ;
; ../src/eight_bit_absolute_value_binary_to_7_segment_BCD_converter.sv ; yes             ; User SystemVerilog HDL File  ; C:/ByronBP/SemAct/Proyecto-Taller/group7_ce3201_s2_g1_2026/sprint1/src/eight_bit_absolute_value_binary_to_7_segment_BCD_converter.sv ;         ;
; ../src/decoder_4x16.sv                                               ; yes             ; User SystemVerilog HDL File  ; C:/ByronBP/SemAct/Proyecto-Taller/group7_ce3201_s2_g1_2026/sprint1/src/decoder_4x16.sv                                               ;         ;
; ../src/control_logic.sv                                              ; yes             ; User SystemVerilog HDL File  ; C:/ByronBP/SemAct/Proyecto-Taller/group7_ce3201_s2_g1_2026/sprint1/src/control_logic.sv                                              ;         ;
; ../src/alu_types_pkg.sv                                              ; yes             ; User SystemVerilog HDL File  ; C:/ByronBP/SemAct/Proyecto-Taller/group7_ce3201_s2_g1_2026/sprint1/src/alu_types_pkg.sv                                              ;         ;
; ../src/alu_param.sv                                                  ; yes             ; User SystemVerilog HDL File  ; C:/ByronBP/SemAct/Proyecto-Taller/group7_ce3201_s2_g1_2026/sprint1/src/alu_param.sv                                                  ;         ;
; lpm_divide.tdf                                                       ; yes             ; Megafunction                 ; c:/altera_lite/25.1std/quartus/libraries/megafunctions/lpm_divide.tdf                                                                ;         ;
; abs_divider.inc                                                      ; yes             ; Megafunction                 ; c:/altera_lite/25.1std/quartus/libraries/megafunctions/abs_divider.inc                                                               ;         ;
; sign_div_unsign.inc                                                  ; yes             ; Megafunction                 ; c:/altera_lite/25.1std/quartus/libraries/megafunctions/sign_div_unsign.inc                                                           ;         ;
; aglobal251.inc                                                       ; yes             ; Megafunction                 ; c:/altera_lite/25.1std/quartus/libraries/megafunctions/aglobal251.inc                                                                ;         ;
; db/lpm_divide_82m.tdf                                                ; yes             ; Auto-Generated Megafunction  ; C:/ByronBP/SemAct/Proyecto-Taller/group7_ce3201_s2_g1_2026/sprint1/quartus/db/lpm_divide_82m.tdf                                     ;         ;
; db/sign_div_unsign_bkh.tdf                                           ; yes             ; Auto-Generated Megafunction  ; C:/ByronBP/SemAct/Proyecto-Taller/group7_ce3201_s2_g1_2026/sprint1/quartus/db/sign_div_unsign_bkh.tdf                                ;         ;
; db/alt_u_div_sse.tdf                                                 ; yes             ; Auto-Generated Megafunction  ; C:/ByronBP/SemAct/Proyecto-Taller/group7_ce3201_s2_g1_2026/sprint1/quartus/db/alt_u_div_sse.tdf                                      ;         ;
; db/lpm_divide_5am.tdf                                                ; yes             ; Auto-Generated Megafunction  ; C:/ByronBP/SemAct/Proyecto-Taller/group7_ce3201_s2_g1_2026/sprint1/quartus/db/lpm_divide_5am.tdf                                     ;         ;
; db/lpm_divide_8am.tdf                                                ; yes             ; Auto-Generated Megafunction  ; C:/ByronBP/SemAct/Proyecto-Taller/group7_ce3201_s2_g1_2026/sprint1/quartus/db/lpm_divide_8am.tdf                                     ;         ;
; db/sign_div_unsign_ekh.tdf                                           ; yes             ; Auto-Generated Megafunction  ; C:/ByronBP/SemAct/Proyecto-Taller/group7_ce3201_s2_g1_2026/sprint1/quartus/db/sign_div_unsign_ekh.tdf                                ;         ;
; db/alt_u_div_2te.tdf                                                 ; yes             ; Auto-Generated Megafunction  ; C:/ByronBP/SemAct/Proyecto-Taller/group7_ce3201_s2_g1_2026/sprint1/quartus/db/alt_u_div_2te.tdf                                      ;         ;
+----------------------------------------------------------------------+-----------------+------------------------------+--------------------------------------------------------------------------------------------------------------------------------------+---------+


+----------------------------------------------------------------+
; Analysis & Synthesis Resource Usage Summary                    ;
+---------------------------------------------+------------------+
; Resource                                    ; Usage            ;
+---------------------------------------------+------------------+
; Estimate of Logic utilization (ALMs needed) ; 337              ;
;                                             ;                  ;
; Combinational ALUT usage for logic          ; 638              ;
;     -- 7 input functions                    ; 8                ;
;     -- 6 input functions                    ; 27               ;
;     -- 5 input functions                    ; 68               ;
;     -- 4 input functions                    ; 89               ;
;     -- <=3 input functions                  ; 446              ;
;                                             ;                  ;
; Dedicated logic registers                   ; 0                ;
;                                             ;                  ;
; I/O pins                                    ; 60               ;
;                                             ;                  ;
; Total DSP Blocks                            ; 0                ;
;                                             ;                  ;
; Maximum fan-out node                        ; control[1]~input ;
; Maximum fan-out                             ; 60               ;
; Total fan-out                               ; 2131             ;
; Average fan-out                             ; 2.81             ;
+---------------------------------------------+------------------+


+----------------------------------------------------------------------------------------------------------------------------------------------------------------------------------------------------------------------------------------------------------------------------------------------------------------------------------------------------------------------------------------------------------------------------------------------------------------------------------------------------------------------------------+
; Analysis & Synthesis Resource Utilization by Entity                                                                                                                                                                                                                                                                                                                                                                                                                                                                              ;
+--------------------------------------------------------------------------------------------------------+---------------------+---------------------------+-------------------+------------+------+--------------+------------------------------------------------------------------------------------------------------------------------------------------------------------------------------------------------------------------------------------+------------------------------------------------------------+--------------+
; Compilation Hierarchy Node                                                                             ; Combinational ALUTs ; Dedicated Logic Registers ; Block Memory Bits ; DSP Blocks ; Pins ; Virtual Pins ; Full Hierarchy Name                                                                                                                                                                                                                ; Entity Name                                                ; Library Name ;
+--------------------------------------------------------------------------------------------------------+---------------------+---------------------------+-------------------+------------+------+--------------+------------------------------------------------------------------------------------------------------------------------------------------------------------------------------------------------------------------------------------+------------------------------------------------------------+--------------+
; |top_level                                                                                             ; 638 (12)            ; 0 (0)                     ; 0                 ; 0          ; 60   ; 0            ; |top_level                                                                                                                                                                                                                         ; top_level                                                  ; work         ;
;    |alu_param:alu_a|                                                                                   ; 17 (17)             ; 0 (0)                     ; 0                 ; 0          ; 0    ; 0            ; |top_level|alu_param:alu_a                                                                                                                                                                                                         ; alu_param                                                  ; work         ;
;    |alu_param:alu_b|                                                                                   ; 30 (30)             ; 0 (0)                     ; 0                 ; 0          ; 0    ; 0            ; |top_level|alu_param:alu_b                                                                                                                                                                                                         ; alu_param                                                  ; work         ;
;    |control_logic:ctrl_logic|                                                                          ; 571 (76)            ; 0 (0)                     ; 0                 ; 0          ; 0    ; 0            ; |top_level|control_logic:ctrl_logic                                                                                                                                                                                                ; control_logic                                              ; work         ;
;       |eight_bit_absolute_value_binary_to_7_segment_BCD_converter:mode_b_concatenated_operand_adapter| ; 162 (0)             ; 0 (0)                     ; 0                 ; 0          ; 0    ; 0            ; |top_level|control_logic:ctrl_logic|eight_bit_absolute_value_binary_to_7_segment_BCD_converter:mode_b_concatenated_operand_adapter                                                                                                 ; eight_bit_absolute_value_binary_to_7_segment_BCD_converter ; work         ;
;          |lpm_divide:Div0|                                                                             ; 46 (0)              ; 0 (0)                     ; 0                 ; 0          ; 0    ; 0            ; |top_level|control_logic:ctrl_logic|eight_bit_absolute_value_binary_to_7_segment_BCD_converter:mode_b_concatenated_operand_adapter|lpm_divide:Div0                                                                                 ; lpm_divide                                                 ; work         ;
;             |lpm_divide_5am:auto_generated|                                                            ; 46 (0)              ; 0 (0)                     ; 0                 ; 0          ; 0    ; 0            ; |top_level|control_logic:ctrl_logic|eight_bit_absolute_value_binary_to_7_segment_BCD_converter:mode_b_concatenated_operand_adapter|lpm_divide:Div0|lpm_divide_5am:auto_generated                                                   ; lpm_divide_5am                                             ; work         ;
;                |sign_div_unsign_bkh:divider|                                                           ; 46 (0)              ; 0 (0)                     ; 0                 ; 0          ; 0    ; 0            ; |top_level|control_logic:ctrl_logic|eight_bit_absolute_value_binary_to_7_segment_BCD_converter:mode_b_concatenated_operand_adapter|lpm_divide:Div0|lpm_divide_5am:auto_generated|sign_div_unsign_bkh:divider                       ; sign_div_unsign_bkh                                        ; work         ;
;                   |alt_u_div_sse:divider|                                                              ; 46 (46)             ; 0 (0)                     ; 0                 ; 0          ; 0    ; 0            ; |top_level|control_logic:ctrl_logic|eight_bit_absolute_value_binary_to_7_segment_BCD_converter:mode_b_concatenated_operand_adapter|lpm_divide:Div0|lpm_divide_5am:auto_generated|sign_div_unsign_bkh:divider|alt_u_div_sse:divider ; alt_u_div_sse                                              ; work         ;
;          |lpm_divide:Div1|                                                                             ; 21 (0)              ; 0 (0)                     ; 0                 ; 0          ; 0    ; 0            ; |top_level|control_logic:ctrl_logic|eight_bit_absolute_value_binary_to_7_segment_BCD_converter:mode_b_concatenated_operand_adapter|lpm_divide:Div1                                                                                 ; lpm_divide                                                 ; work         ;
;             |lpm_divide_8am:auto_generated|                                                            ; 21 (0)              ; 0 (0)                     ; 0                 ; 0          ; 0    ; 0            ; |top_level|control_logic:ctrl_logic|eight_bit_absolute_value_binary_to_7_segment_BCD_converter:mode_b_concatenated_operand_adapter|lpm_divide:Div1|lpm_divide_8am:auto_generated                                                   ; lpm_divide_8am                                             ; work         ;
;                |sign_div_unsign_ekh:divider|                                                           ; 21 (0)              ; 0 (0)                     ; 0                 ; 0          ; 0    ; 0            ; |top_level|control_logic:ctrl_logic|eight_bit_absolute_value_binary_to_7_segment_BCD_converter:mode_b_concatenated_operand_adapter|lpm_divide:Div1|lpm_divide_8am:auto_generated|sign_div_unsign_ekh:divider                       ; sign_div_unsign_ekh                                        ; work         ;
;                   |alt_u_div_2te:divider|                                                              ; 21 (21)             ; 0 (0)                     ; 0                 ; 0          ; 0    ; 0            ; |top_level|control_logic:ctrl_logic|eight_bit_absolute_value_binary_to_7_segment_BCD_converter:mode_b_concatenated_operand_adapter|lpm_divide:Div1|lpm_divide_8am:auto_generated|sign_div_unsign_ekh:divider|alt_u_div_2te:divider ; alt_u_div_2te                                              ; work         ;
;          |lpm_divide:Mod0|                                                                             ; 50 (0)              ; 0 (0)                     ; 0                 ; 0          ; 0    ; 0            ; |top_level|control_logic:ctrl_logic|eight_bit_absolute_value_binary_to_7_segment_BCD_converter:mode_b_concatenated_operand_adapter|lpm_divide:Mod0                                                                                 ; lpm_divide                                                 ; work         ;
;             |lpm_divide_82m:auto_generated|                                                            ; 50 (0)              ; 0 (0)                     ; 0                 ; 0          ; 0    ; 0            ; |top_level|control_logic:ctrl_logic|eight_bit_absolute_value_binary_to_7_segment_BCD_converter:mode_b_concatenated_operand_adapter|lpm_divide:Mod0|lpm_divide_82m:auto_generated                                                   ; lpm_divide_82m                                             ; work         ;
;                |sign_div_unsign_bkh:divider|                                                           ; 50 (0)              ; 0 (0)                     ; 0                 ; 0          ; 0    ; 0            ; |top_level|control_logic:ctrl_logic|eight_bit_absolute_value_binary_to_7_segment_BCD_converter:mode_b_concatenated_operand_adapter|lpm_divide:Mod0|lpm_divide_82m:auto_generated|sign_div_unsign_bkh:divider                       ; sign_div_unsign_bkh                                        ; work         ;
;                   |alt_u_div_sse:divider|                                                              ; 50 (50)             ; 0 (0)                     ; 0                 ; 0          ; 0    ; 0            ; |top_level|control_logic:ctrl_logic|eight_bit_absolute_value_binary_to_7_segment_BCD_converter:mode_b_concatenated_operand_adapter|lpm_divide:Mod0|lpm_divide_82m:auto_generated|sign_div_unsign_bkh:divider|alt_u_div_sse:divider ; alt_u_div_sse                                              ; work         ;
;          |lpm_divide:Mod1|                                                                             ; 38 (0)              ; 0 (0)                     ; 0                 ; 0          ; 0    ; 0            ; |top_level|control_logic:ctrl_logic|eight_bit_absolute_value_binary_to_7_segment_BCD_converter:mode_b_concatenated_operand_adapter|lpm_divide:Mod1                                                                                 ; lpm_divide                                                 ; work         ;
;             |lpm_divide_82m:auto_generated|                                                            ; 38 (0)              ; 0 (0)                     ; 0                 ; 0          ; 0    ; 0            ; |top_level|control_logic:ctrl_logic|eight_bit_absolute_value_binary_to_7_segment_BCD_converter:mode_b_concatenated_operand_adapter|lpm_divide:Mod1|lpm_divide_82m:auto_generated                                                   ; lpm_divide_82m                                             ; work         ;
;                |sign_div_unsign_bkh:divider|                                                           ; 38 (0)              ; 0 (0)                     ; 0                 ; 0          ; 0    ; 0            ; |top_level|control_logic:ctrl_logic|eight_bit_absolute_value_binary_to_7_segment_BCD_converter:mode_b_concatenated_operand_adapter|lpm_divide:Mod1|lpm_divide_82m:auto_generated|sign_div_unsign_bkh:divider                       ; sign_div_unsign_bkh                                        ; work         ;
;                   |alt_u_div_sse:divider|                                                              ; 38 (38)             ; 0 (0)                     ; 0                 ; 0          ; 0    ; 0            ; |top_level|control_logic:ctrl_logic|eight_bit_absolute_value_binary_to_7_segment_BCD_converter:mode_b_concatenated_operand_adapter|lpm_divide:Mod1|lpm_divide_82m:auto_generated|sign_div_unsign_bkh:divider|alt_u_div_sse:divider ; alt_u_div_sse                                              ; work         ;
;          |n_bit_absolute_value:abs8|                                                                   ; 7 (7)               ; 0 (0)                     ; 0                 ; 0          ; 0    ; 0            ; |top_level|control_logic:ctrl_logic|eight_bit_absolute_value_binary_to_7_segment_BCD_converter:mode_b_concatenated_operand_adapter|n_bit_absolute_value:abs8                                                                       ; n_bit_absolute_value                                       ; work         ;
;       |eight_bit_absolute_value_binary_to_7_segment_BCD_converter:mode_b_multiplexed_operand_adapter|  ; 160 (0)             ; 0 (0)                     ; 0                 ; 0          ; 0    ; 0            ; |top_level|control_logic:ctrl_logic|eight_bit_absolute_value_binary_to_7_segment_BCD_converter:mode_b_multiplexed_operand_adapter                                                                                                  ; eight_bit_absolute_value_binary_to_7_segment_BCD_converter ; work         ;
;          |lpm_divide:Div0|                                                                             ; 46 (0)              ; 0 (0)                     ; 0                 ; 0          ; 0    ; 0            ; |top_level|control_logic:ctrl_logic|eight_bit_absolute_value_binary_to_7_segment_BCD_converter:mode_b_multiplexed_operand_adapter|lpm_divide:Div0                                                                                  ; lpm_divide                                                 ; work         ;
;             |lpm_divide_5am:auto_generated|                                                            ; 46 (0)              ; 0 (0)                     ; 0                 ; 0          ; 0    ; 0            ; |top_level|control_logic:ctrl_logic|eight_bit_absolute_value_binary_to_7_segment_BCD_converter:mode_b_multiplexed_operand_adapter|lpm_divide:Div0|lpm_divide_5am:auto_generated                                                    ; lpm_divide_5am                                             ; work         ;
;                |sign_div_unsign_bkh:divider|                                                           ; 46 (0)              ; 0 (0)                     ; 0                 ; 0          ; 0    ; 0            ; |top_level|control_logic:ctrl_logic|eight_bit_absolute_value_binary_to_7_segment_BCD_converter:mode_b_multiplexed_operand_adapter|lpm_divide:Div0|lpm_divide_5am:auto_generated|sign_div_unsign_bkh:divider                        ; sign_div_unsign_bkh                                        ; work         ;
;                   |alt_u_div_sse:divider|                                                              ; 46 (46)             ; 0 (0)                     ; 0                 ; 0          ; 0    ; 0            ; |top_level|control_logic:ctrl_logic|eight_bit_absolute_value_binary_to_7_segment_BCD_converter:mode_b_multiplexed_operand_adapter|lpm_divide:Div0|lpm_divide_5am:auto_generated|sign_div_unsign_bkh:divider|alt_u_div_sse:divider  ; alt_u_div_sse                                              ; work         ;
;          |lpm_divide:Div1|                                                                             ; 21 (0)              ; 0 (0)                     ; 0                 ; 0          ; 0    ; 0            ; |top_level|control_logic:ctrl_logic|eight_bit_absolute_value_binary_to_7_segment_BCD_converter:mode_b_multiplexed_operand_adapter|lpm_divide:Div1                                                                                  ; lpm_divide                                                 ; work         ;
;             |lpm_divide_8am:auto_generated|                                                            ; 21 (0)              ; 0 (0)                     ; 0                 ; 0          ; 0    ; 0            ; |top_level|control_logic:ctrl_logic|eight_bit_absolute_value_binary_to_7_segment_BCD_converter:mode_b_multiplexed_operand_adapter|lpm_divide:Div1|lpm_divide_8am:auto_generated                                                    ; lpm_divide_8am                                             ; work         ;
;                |sign_div_unsign_ekh:divider|                                                           ; 21 (0)              ; 0 (0)                     ; 0                 ; 0          ; 0    ; 0            ; |top_level|control_logic:ctrl_logic|eight_bit_absolute_value_binary_to_7_segment_BCD_converter:mode_b_multiplexed_operand_adapter|lpm_divide:Div1|lpm_divide_8am:auto_generated|sign_div_unsign_ekh:divider                        ; sign_div_unsign_ekh                                        ; work         ;
;                   |alt_u_div_2te:divider|                                                              ; 21 (21)             ; 0 (0)                     ; 0                 ; 0          ; 0    ; 0            ; |top_level|control_logic:ctrl_logic|eight_bit_absolute_value_binary_to_7_segment_BCD_converter:mode_b_multiplexed_operand_adapter|lpm_divide:Div1|lpm_divide_8am:auto_generated|sign_div_unsign_ekh:divider|alt_u_div_2te:divider  ; alt_u_div_2te                                              ; work         ;
;          |lpm_divide:Mod0|                                                                             ; 50 (0)              ; 0 (0)                     ; 0                 ; 0          ; 0    ; 0            ; |top_level|control_logic:ctrl_logic|eight_bit_absolute_value_binary_to_7_segment_BCD_converter:mode_b_multiplexed_operand_adapter|lpm_divide:Mod0                                                                                  ; lpm_divide                                                 ; work         ;
;             |lpm_divide_82m:auto_generated|                                                            ; 50 (0)              ; 0 (0)                     ; 0                 ; 0          ; 0    ; 0            ; |top_level|control_logic:ctrl_logic|eight_bit_absolute_value_binary_to_7_segment_BCD_converter:mode_b_multiplexed_operand_adapter|lpm_divide:Mod0|lpm_divide_82m:auto_generated                                                    ; lpm_divide_82m                                             ; work         ;
;                |sign_div_unsign_bkh:divider|                                                           ; 50 (0)              ; 0 (0)                     ; 0                 ; 0          ; 0    ; 0            ; |top_level|control_logic:ctrl_logic|eight_bit_absolute_value_binary_to_7_segment_BCD_converter:mode_b_multiplexed_operand_adapter|lpm_divide:Mod0|lpm_divide_82m:auto_generated|sign_div_unsign_bkh:divider                        ; sign_div_unsign_bkh                                        ; work         ;
;                   |alt_u_div_sse:divider|                                                              ; 50 (50)             ; 0 (0)                     ; 0                 ; 0          ; 0    ; 0            ; |top_level|control_logic:ctrl_logic|eight_bit_absolute_value_binary_to_7_segment_BCD_converter:mode_b_multiplexed_operand_adapter|lpm_divide:Mod0|lpm_divide_82m:auto_generated|sign_div_unsign_bkh:divider|alt_u_div_sse:divider  ; alt_u_div_sse                                              ; work         ;
;          |lpm_divide:Mod1|                                                                             ; 38 (0)              ; 0 (0)                     ; 0                 ; 0          ; 0    ; 0            ; |top_level|control_logic:ctrl_logic|eight_bit_absolute_value_binary_to_7_segment_BCD_converter:mode_b_multiplexed_operand_adapter|lpm_divide:Mod1                                                                                  ; lpm_divide                                                 ; work         ;
;             |lpm_divide_82m:auto_generated|                                                            ; 38 (0)              ; 0 (0)                     ; 0                 ; 0          ; 0    ; 0            ; |top_level|control_logic:ctrl_logic|eight_bit_absolute_value_binary_to_7_segment_BCD_converter:mode_b_multiplexed_operand_adapter|lpm_divide:Mod1|lpm_divide_82m:auto_generated                                                    ; lpm_divide_82m                                             ; work         ;
;                |sign_div_unsign_bkh:divider|                                                           ; 38 (0)              ; 0 (0)                     ; 0                 ; 0          ; 0    ; 0            ; |top_level|control_logic:ctrl_logic|eight_bit_absolute_value_binary_to_7_segment_BCD_converter:mode_b_multiplexed_operand_adapter|lpm_divide:Mod1|lpm_divide_82m:auto_generated|sign_div_unsign_bkh:divider                        ; sign_div_unsign_bkh                                        ; work         ;
;                   |alt_u_div_sse:divider|                                                              ; 38 (38)             ; 0 (0)                     ; 0                 ; 0          ; 0    ; 0            ; |top_level|control_logic:ctrl_logic|eight_bit_absolute_value_binary_to_7_segment_BCD_converter:mode_b_multiplexed_operand_adapter|lpm_divide:Mod1|lpm_divide_82m:auto_generated|sign_div_unsign_bkh:divider|alt_u_div_sse:divider  ; alt_u_div_sse                                              ; work         ;
;          |n_bit_absolute_value:abs8|                                                                   ; 5 (5)               ; 0 (0)                     ; 0                 ; 0          ; 0    ; 0            ; |top_level|control_logic:ctrl_logic|eight_bit_absolute_value_binary_to_7_segment_BCD_converter:mode_b_multiplexed_operand_adapter|n_bit_absolute_value:abs8                                                                        ; n_bit_absolute_value                                       ; work         ;
;       |eight_bit_absolute_value_binary_to_7_segment_BCD_converter:mode_b_result_adapter|               ; 172 (0)             ; 0 (0)                     ; 0                 ; 0          ; 0    ; 0            ; |top_level|control_logic:ctrl_logic|eight_bit_absolute_value_binary_to_7_segment_BCD_converter:mode_b_result_adapter                                                                                                               ; eight_bit_absolute_value_binary_to_7_segment_BCD_converter ; work         ;
;          |lpm_divide:Div0|                                                                             ; 49 (0)              ; 0 (0)                     ; 0                 ; 0          ; 0    ; 0            ; |top_level|control_logic:ctrl_logic|eight_bit_absolute_value_binary_to_7_segment_BCD_converter:mode_b_result_adapter|lpm_divide:Div0                                                                                               ; lpm_divide                                                 ; work         ;
;             |lpm_divide_5am:auto_generated|                                                            ; 49 (0)              ; 0 (0)                     ; 0                 ; 0          ; 0    ; 0            ; |top_level|control_logic:ctrl_logic|eight_bit_absolute_value_binary_to_7_segment_BCD_converter:mode_b_result_adapter|lpm_divide:Div0|lpm_divide_5am:auto_generated                                                                 ; lpm_divide_5am                                             ; work         ;
;                |sign_div_unsign_bkh:divider|                                                           ; 49 (0)              ; 0 (0)                     ; 0                 ; 0          ; 0    ; 0            ; |top_level|control_logic:ctrl_logic|eight_bit_absolute_value_binary_to_7_segment_BCD_converter:mode_b_result_adapter|lpm_divide:Div0|lpm_divide_5am:auto_generated|sign_div_unsign_bkh:divider                                     ; sign_div_unsign_bkh                                        ; work         ;
;                   |alt_u_div_sse:divider|                                                              ; 49 (49)             ; 0 (0)                     ; 0                 ; 0          ; 0    ; 0            ; |top_level|control_logic:ctrl_logic|eight_bit_absolute_value_binary_to_7_segment_BCD_converter:mode_b_result_adapter|lpm_divide:Div0|lpm_divide_5am:auto_generated|sign_div_unsign_bkh:divider|alt_u_div_sse:divider               ; alt_u_div_sse                                              ; work         ;
;          |lpm_divide:Div1|                                                                             ; 24 (0)              ; 0 (0)                     ; 0                 ; 0          ; 0    ; 0            ; |top_level|control_logic:ctrl_logic|eight_bit_absolute_value_binary_to_7_segment_BCD_converter:mode_b_result_adapter|lpm_divide:Div1                                                                                               ; lpm_divide                                                 ; work         ;
;             |lpm_divide_8am:auto_generated|                                                            ; 24 (0)              ; 0 (0)                     ; 0                 ; 0          ; 0    ; 0            ; |top_level|control_logic:ctrl_logic|eight_bit_absolute_value_binary_to_7_segment_BCD_converter:mode_b_result_adapter|lpm_divide:Div1|lpm_divide_8am:auto_generated                                                                 ; lpm_divide_8am                                             ; work         ;
;                |sign_div_unsign_ekh:divider|                                                           ; 24 (0)              ; 0 (0)                     ; 0                 ; 0          ; 0    ; 0            ; |top_level|control_logic:ctrl_logic|eight_bit_absolute_value_binary_to_7_segment_BCD_converter:mode_b_result_adapter|lpm_divide:Div1|lpm_divide_8am:auto_generated|sign_div_unsign_ekh:divider                                     ; sign_div_unsign_ekh                                        ; work         ;
;                   |alt_u_div_2te:divider|                                                              ; 24 (24)             ; 0 (0)                     ; 0                 ; 0          ; 0    ; 0            ; |top_level|control_logic:ctrl_logic|eight_bit_absolute_value_binary_to_7_segment_BCD_converter:mode_b_result_adapter|lpm_divide:Div1|lpm_divide_8am:auto_generated|sign_div_unsign_ekh:divider|alt_u_div_2te:divider               ; alt_u_div_2te                                              ; work         ;
;          |lpm_divide:Mod0|                                                                             ; 53 (0)              ; 0 (0)                     ; 0                 ; 0          ; 0    ; 0            ; |top_level|control_logic:ctrl_logic|eight_bit_absolute_value_binary_to_7_segment_BCD_converter:mode_b_result_adapter|lpm_divide:Mod0                                                                                               ; lpm_divide                                                 ; work         ;
;             |lpm_divide_82m:auto_generated|                                                            ; 53 (0)              ; 0 (0)                     ; 0                 ; 0          ; 0    ; 0            ; |top_level|control_logic:ctrl_logic|eight_bit_absolute_value_binary_to_7_segment_BCD_converter:mode_b_result_adapter|lpm_divide:Mod0|lpm_divide_82m:auto_generated                                                                 ; lpm_divide_82m                                             ; work         ;
;                |sign_div_unsign_bkh:divider|                                                           ; 53 (0)              ; 0 (0)                     ; 0                 ; 0          ; 0    ; 0            ; |top_level|control_logic:ctrl_logic|eight_bit_absolute_value_binary_to_7_segment_BCD_converter:mode_b_result_adapter|lpm_divide:Mod0|lpm_divide_82m:auto_generated|sign_div_unsign_bkh:divider                                     ; sign_div_unsign_bkh                                        ; work         ;
;                   |alt_u_div_sse:divider|                                                              ; 53 (53)             ; 0 (0)                     ; 0                 ; 0          ; 0    ; 0            ; |top_level|control_logic:ctrl_logic|eight_bit_absolute_value_binary_to_7_segment_BCD_converter:mode_b_result_adapter|lpm_divide:Mod0|lpm_divide_82m:auto_generated|sign_div_unsign_bkh:divider|alt_u_div_sse:divider               ; alt_u_div_sse                                              ; work         ;
;          |lpm_divide:Mod1|                                                                             ; 38 (0)              ; 0 (0)                     ; 0                 ; 0          ; 0    ; 0            ; |top_level|control_logic:ctrl_logic|eight_bit_absolute_value_binary_to_7_segment_BCD_converter:mode_b_result_adapter|lpm_divide:Mod1                                                                                               ; lpm_divide                                                 ; work         ;
;             |lpm_divide_82m:auto_generated|                                                            ; 38 (0)              ; 0 (0)                     ; 0                 ; 0          ; 0    ; 0            ; |top_level|control_logic:ctrl_logic|eight_bit_absolute_value_binary_to_7_segment_BCD_converter:mode_b_result_adapter|lpm_divide:Mod1|lpm_divide_82m:auto_generated                                                                 ; lpm_divide_82m                                             ; work         ;
;                |sign_div_unsign_bkh:divider|                                                           ; 38 (0)              ; 0 (0)                     ; 0                 ; 0          ; 0    ; 0            ; |top_level|control_logic:ctrl_logic|eight_bit_absolute_value_binary_to_7_segment_BCD_converter:mode_b_result_adapter|lpm_divide:Mod1|lpm_divide_82m:auto_generated|sign_div_unsign_bkh:divider                                     ; sign_div_unsign_bkh                                        ; work         ;
;                   |alt_u_div_sse:divider|                                                              ; 38 (38)             ; 0 (0)                     ; 0                 ; 0          ; 0    ; 0            ; |top_level|control_logic:ctrl_logic|eight_bit_absolute_value_binary_to_7_segment_BCD_converter:mode_b_result_adapter|lpm_divide:Mod1|lpm_divide_82m:auto_generated|sign_div_unsign_bkh:divider|alt_u_div_sse:divider               ; alt_u_div_sse                                              ; work         ;
;          |n_bit_absolute_value:abs8|                                                                   ; 8 (8)               ; 0 (0)                     ; 0                 ; 0          ; 0    ; 0            ; |top_level|control_logic:ctrl_logic|eight_bit_absolute_value_binary_to_7_segment_BCD_converter:mode_b_result_adapter|n_bit_absolute_value:abs8                                                                                     ; n_bit_absolute_value                                       ; work         ;
;       |three_bit_absolute_value_binary_to_7_segment_converter:mode_a_result_adapter|                   ; 1 (0)               ; 0 (0)                     ; 0                 ; 0          ; 0    ; 0            ; |top_level|control_logic:ctrl_logic|three_bit_absolute_value_binary_to_7_segment_converter:mode_a_result_adapter                                                                                                                   ; three_bit_absolute_value_binary_to_7_segment_converter     ; work         ;
;          |n_bit_absolute_value:abs3|                                                                   ; 1 (1)               ; 0 (0)                     ; 0                 ; 0          ; 0    ; 0            ; |top_level|control_logic:ctrl_logic|three_bit_absolute_value_binary_to_7_segment_converter:mode_a_result_adapter|n_bit_absolute_value:abs3                                                                                         ; n_bit_absolute_value                                       ; work         ;
;    |mode_b_constants:constants_bank|                                                                   ; 8 (8)               ; 0 (0)                     ; 0                 ; 0          ; 0    ; 0            ; |top_level|mode_b_constants:constants_bank                                                                                                                                                                                         ; mode_b_constants                                           ; work         ;
+--------------------------------------------------------------------------------------------------------+---------------------+---------------------------+-------------------+------------+------+--------------+------------------------------------------------------------------------------------------------------------------------------------------------------------------------------------------------------------------------------------+------------------------------------------------------------+--------------+
Note: For table entries with two numbers listed, the numbers in parentheses indicate the number of resources of the given type used by the specific entity alone. The numbers listed outside of parentheses indicate the total resources of the given type used by the specific entity and all of its sub-entities in the hierarchy.


+------------------------------------------------------+
; General Register Statistics                          ;
+----------------------------------------------+-------+
; Statistic                                    ; Value ;
+----------------------------------------------+-------+
; Total registers                              ; 0     ;
; Number of registers using Synchronous Clear  ; 0     ;
; Number of registers using Synchronous Load   ; 0     ;
; Number of registers using Asynchronous Clear ; 0     ;
; Number of registers using Asynchronous Load  ; 0     ;
; Number of registers using Clock Enable       ; 0     ;
; Number of registers using Preset             ; 0     ;
+----------------------------------------------+-------+


+---------------------------------------------------------------------------------------------------------------------------------------------------------+
; Multiplexer Restructuring Statistics (Restructuring Performed)                                                                                          ;
+--------------------+-----------+---------------+----------------------+------------------------+------------+-------------------------------------------+
; Multiplexer Inputs ; Bus Width ; Baseline Area ; Area if Restructured ; Saving if Restructured ; Registered ; Example Multiplexer Output                ;
+--------------------+-----------+---------------+----------------------+------------------------+------------+-------------------------------------------+
; 4:1                ; 18 bits   ; 36 LEs        ; 36 LEs               ; 0 LEs                  ; No         ; |top_level|control_logic:ctrl_logic|Mux15 ;
+--------------------+-----------+---------------+----------------------+------------------------+------------+-------------------------------------------+


+----------------------------------------------------------------------------------------------------------------------------------------------------------------------------+
; Parameter Settings for User Entity Instance: control_logic:ctrl_logic|three_bit_absolute_value_binary_to_7_segment_converter:mode_a_src0_adapter|n_bit_absolute_value:abs3 ;
+----------------+-------+---------------------------------------------------------------------------------------------------------------------------------------------------+
; Parameter Name ; Value ; Type                                                                                                                                              ;
+----------------+-------+---------------------------------------------------------------------------------------------------------------------------------------------------+
; N              ; 3     ; Signed Integer                                                                                                                                    ;
+----------------+-------+---------------------------------------------------------------------------------------------------------------------------------------------------+
Note: In order to hide this table in the UI and the text report file, please set the "Show Parameter Settings in Synthesis Report" option in "Analysis and Synthesis Settings -> More Settings" to "Off".


+----------------------------------------------------------------------------------------------------------------------------------------------------------------------------+
; Parameter Settings for User Entity Instance: control_logic:ctrl_logic|three_bit_absolute_value_binary_to_7_segment_converter:mode_a_src1_adapter|n_bit_absolute_value:abs3 ;
+----------------+-------+---------------------------------------------------------------------------------------------------------------------------------------------------+
; Parameter Name ; Value ; Type                                                                                                                                              ;
+----------------+-------+---------------------------------------------------------------------------------------------------------------------------------------------------+
; N              ; 3     ; Signed Integer                                                                                                                                    ;
+----------------+-------+---------------------------------------------------------------------------------------------------------------------------------------------------+
Note: In order to hide this table in the UI and the text report file, please set the "Show Parameter Settings in Synthesis Report" option in "Analysis and Synthesis Settings -> More Settings" to "Off".


+------------------------------------------------------------------------------------------------------------------------------------------------------------------------------+
; Parameter Settings for User Entity Instance: control_logic:ctrl_logic|three_bit_absolute_value_binary_to_7_segment_converter:mode_a_result_adapter|n_bit_absolute_value:abs3 ;
+----------------+-------+-----------------------------------------------------------------------------------------------------------------------------------------------------+
; Parameter Name ; Value ; Type                                                                                                                                                ;
+----------------+-------+-----------------------------------------------------------------------------------------------------------------------------------------------------+
; N              ; 3     ; Signed Integer                                                                                                                                      ;
+----------------+-------+-----------------------------------------------------------------------------------------------------------------------------------------------------+
Note: In order to hide this table in the UI and the text report file, please set the "Show Parameter Settings in Synthesis Report" option in "Analysis and Synthesis Settings -> More Settings" to "Off".


+------------------------------------------------------------------------------------------------------------------------------------------------------------------------------------------------+
; Parameter Settings for User Entity Instance: control_logic:ctrl_logic|eight_bit_absolute_value_binary_to_7_segment_BCD_converter:mode_b_concatenated_operand_adapter|n_bit_absolute_value:abs8 ;
+----------------+-------+-----------------------------------------------------------------------------------------------------------------------------------------------------------------------+
; Parameter Name ; Value ; Type                                                                                                                                                                  ;
+----------------+-------+-----------------------------------------------------------------------------------------------------------------------------------------------------------------------+
; N              ; 8     ; Signed Integer                                                                                                                                                        ;
+----------------+-------+-----------------------------------------------------------------------------------------------------------------------------------------------------------------------+
Note: In order to hide this table in the UI and the text report file, please set the "Show Parameter Settings in Synthesis Report" option in "Analysis and Synthesis Settings -> More Settings" to "Off".


+-----------------------------------------------------------------------------------------------------------------------------------------------------------------------------------------------+
; Parameter Settings for User Entity Instance: control_logic:ctrl_logic|eight_bit_absolute_value_binary_to_7_segment_BCD_converter:mode_b_multiplexed_operand_adapter|n_bit_absolute_value:abs8 ;
+----------------+-------+----------------------------------------------------------------------------------------------------------------------------------------------------------------------+
; Parameter Name ; Value ; Type                                                                                                                                                                 ;
+----------------+-------+----------------------------------------------------------------------------------------------------------------------------------------------------------------------+
; N              ; 8     ; Signed Integer                                                                                                                                                       ;
+----------------+-------+----------------------------------------------------------------------------------------------------------------------------------------------------------------------+
Note: In order to hide this table in the UI and the text report file, please set the "Show Parameter Settings in Synthesis Report" option in "Analysis and Synthesis Settings -> More Settings" to "Off".


+----------------------------------------------------------------------------------------------------------------------------------------------------------------------------------+
; Parameter Settings for User Entity Instance: control_logic:ctrl_logic|eight_bit_absolute_value_binary_to_7_segment_BCD_converter:mode_b_result_adapter|n_bit_absolute_value:abs8 ;
+----------------+-------+---------------------------------------------------------------------------------------------------------------------------------------------------------+
; Parameter Name ; Value ; Type                                                                                                                                                    ;
+----------------+-------+---------------------------------------------------------------------------------------------------------------------------------------------------------+
; N              ; 8     ; Signed Integer                                                                                                                                          ;
+----------------+-------+---------------------------------------------------------------------------------------------------------------------------------------------------------+
Note: In order to hide this table in the UI and the text report file, please set the "Show Parameter Settings in Synthesis Report" option in "Analysis and Synthesis Settings -> More Settings" to "Off".


+--------------------------------------------------------------+
; Parameter Settings for User Entity Instance: alu_param:alu_a ;
+----------------+-------+-------------------------------------+
; Parameter Name ; Value ; Type                                ;
+----------------+-------+-------------------------------------+
; WIDTH          ; 3     ; Signed Integer                      ;
+----------------+-------+-------------------------------------+
Note: In order to hide this table in the UI and the text report file, please set the "Show Parameter Settings in Synthesis Report" option in "Analysis and Synthesis Settings -> More Settings" to "Off".


+--------------------------------------------------------------+
; Parameter Settings for User Entity Instance: alu_param:alu_b ;
+----------------+-------+-------------------------------------+
; Parameter Name ; Value ; Type                                ;
+----------------+-------+-------------------------------------+
; WIDTH          ; 8     ; Signed Integer                      ;
+----------------+-------+-------------------------------------+
Note: In order to hide this table in the UI and the text report file, please set the "Show Parameter Settings in Synthesis Report" option in "Analysis and Synthesis Settings -> More Settings" to "Off".


+------------------------------------------------------------------------------------------------------------------------------------------------------------------------------------------+
; Parameter Settings for Inferred Entity Instance: control_logic:ctrl_logic|eight_bit_absolute_value_binary_to_7_segment_BCD_converter:mode_b_concatenated_operand_adapter|lpm_divide:Mod0 ;
+------------------------+----------------+------------------------------------------------------------------------------------------------------------------------------------------------+
; Parameter Name         ; Value          ; Type                                                                                                                                           ;
+------------------------+----------------+------------------------------------------------------------------------------------------------------------------------------------------------+
; LPM_WIDTHN             ; 8              ; Untyped                                                                                                                                        ;
; LPM_WIDTHD             ; 4              ; Untyped                                                                                                                                        ;
; LPM_NREPRESENTATION    ; UNSIGNED       ; Untyped                                                                                                                                        ;
; LPM_DREPRESENTATION    ; UNSIGNED       ; Untyped                                                                                                                                        ;
; LPM_PIPELINE           ; 0              ; Untyped                                                                                                                                        ;
; LPM_REMAINDERPOSITIVE  ; TRUE           ; Untyped                                                                                                                                        ;
; MAXIMIZE_SPEED         ; 5              ; Untyped                                                                                                                                        ;
; CBXI_PARAMETER         ; lpm_divide_82m ; Untyped                                                                                                                                        ;
; CARRY_CHAIN            ; MANUAL         ; Untyped                                                                                                                                        ;
; OPTIMIZE_FOR_SPEED     ; 5              ; Untyped                                                                                                                                        ;
; AUTO_CARRY_CHAINS      ; ON             ; AUTO_CARRY                                                                                                                                     ;
; IGNORE_CARRY_BUFFERS   ; OFF            ; IGNORE_CARRY                                                                                                                                   ;
; AUTO_CASCADE_CHAINS    ; ON             ; AUTO_CASCADE                                                                                                                                   ;
; IGNORE_CASCADE_BUFFERS ; OFF            ; IGNORE_CASCADE                                                                                                                                 ;
+------------------------+----------------+------------------------------------------------------------------------------------------------------------------------------------------------+
Note: In order to hide this table in the UI and the text report file, please set the "Show Parameter Settings in Synthesis Report" option in "Analysis and Synthesis Settings -> More Settings" to "Off".


+----------------------------------------------------------------------------------------------------------------------------------------------------------------------------+
; Parameter Settings for Inferred Entity Instance: control_logic:ctrl_logic|eight_bit_absolute_value_binary_to_7_segment_BCD_converter:mode_b_result_adapter|lpm_divide:Mod0 ;
+------------------------+----------------+----------------------------------------------------------------------------------------------------------------------------------+
; Parameter Name         ; Value          ; Type                                                                                                                             ;
+------------------------+----------------+----------------------------------------------------------------------------------------------------------------------------------+
; LPM_WIDTHN             ; 8              ; Untyped                                                                                                                          ;
; LPM_WIDTHD             ; 4              ; Untyped                                                                                                                          ;
; LPM_NREPRESENTATION    ; UNSIGNED       ; Untyped                                                                                                                          ;
; LPM_DREPRESENTATION    ; UNSIGNED       ; Untyped                                                                                                                          ;
; LPM_PIPELINE           ; 0              ; Untyped                                                                                                                          ;
; LPM_REMAINDERPOSITIVE  ; TRUE           ; Untyped                                                                                                                          ;
; MAXIMIZE_SPEED         ; 5              ; Untyped                                                                                                                          ;
; CBXI_PARAMETER         ; lpm_divide_82m ; Untyped                                                                                                                          ;
; CARRY_CHAIN            ; MANUAL         ; Untyped                                                                                                                          ;
; OPTIMIZE_FOR_SPEED     ; 5              ; Untyped                                                                                                                          ;
; AUTO_CARRY_CHAINS      ; ON             ; AUTO_CARRY                                                                                                                       ;
; IGNORE_CARRY_BUFFERS   ; OFF            ; IGNORE_CARRY                                                                                                                     ;
; AUTO_CASCADE_CHAINS    ; ON             ; AUTO_CASCADE                                                                                                                     ;
; IGNORE_CASCADE_BUFFERS ; OFF            ; IGNORE_CASCADE                                                                                                                   ;
+------------------------+----------------+----------------------------------------------------------------------------------------------------------------------------------+
Note: In order to hide this table in the UI and the text report file, please set the "Show Parameter Settings in Synthesis Report" option in "Analysis and Synthesis Settings -> More Settings" to "Off".


+------------------------------------------------------------------------------------------------------------------------------------------------------------------------------------------+
; Parameter Settings for Inferred Entity Instance: control_logic:ctrl_logic|eight_bit_absolute_value_binary_to_7_segment_BCD_converter:mode_b_concatenated_operand_adapter|lpm_divide:Div0 ;
+------------------------+----------------+------------------------------------------------------------------------------------------------------------------------------------------------+
; Parameter Name         ; Value          ; Type                                                                                                                                           ;
+------------------------+----------------+------------------------------------------------------------------------------------------------------------------------------------------------+
; LPM_WIDTHN             ; 8              ; Untyped                                                                                                                                        ;
; LPM_WIDTHD             ; 4              ; Untyped                                                                                                                                        ;
; LPM_NREPRESENTATION    ; UNSIGNED       ; Untyped                                                                                                                                        ;
; LPM_DREPRESENTATION    ; UNSIGNED       ; Untyped                                                                                                                                        ;
; LPM_PIPELINE           ; 0              ; Untyped                                                                                                                                        ;
; LPM_REMAINDERPOSITIVE  ; TRUE           ; Untyped                                                                                                                                        ;
; MAXIMIZE_SPEED         ; 5              ; Untyped                                                                                                                                        ;
; CBXI_PARAMETER         ; lpm_divide_5am ; Untyped                                                                                                                                        ;
; CARRY_CHAIN            ; MANUAL         ; Untyped                                                                                                                                        ;
; OPTIMIZE_FOR_SPEED     ; 5              ; Untyped                                                                                                                                        ;
; AUTO_CARRY_CHAINS      ; ON             ; AUTO_CARRY                                                                                                                                     ;
; IGNORE_CARRY_BUFFERS   ; OFF            ; IGNORE_CARRY                                                                                                                                   ;
; AUTO_CASCADE_CHAINS    ; ON             ; AUTO_CASCADE                                                                                                                                   ;
; IGNORE_CASCADE_BUFFERS ; OFF            ; IGNORE_CASCADE                                                                                                                                 ;
+------------------------+----------------+------------------------------------------------------------------------------------------------------------------------------------------------+
Note: In order to hide this table in the UI and the text report file, please set the "Show Parameter Settings in Synthesis Report" option in "Analysis and Synthesis Settings -> More Settings" to "Off".


+------------------------------------------------------------------------------------------------------------------------------------------------------------------------------------------+
; Parameter Settings for Inferred Entity Instance: control_logic:ctrl_logic|eight_bit_absolute_value_binary_to_7_segment_BCD_converter:mode_b_concatenated_operand_adapter|lpm_divide:Mod1 ;
+------------------------+----------------+------------------------------------------------------------------------------------------------------------------------------------------------+
; Parameter Name         ; Value          ; Type                                                                                                                                           ;
+------------------------+----------------+------------------------------------------------------------------------------------------------------------------------------------------------+
; LPM_WIDTHN             ; 8              ; Untyped                                                                                                                                        ;
; LPM_WIDTHD             ; 4              ; Untyped                                                                                                                                        ;
; LPM_NREPRESENTATION    ; UNSIGNED       ; Untyped                                                                                                                                        ;
; LPM_DREPRESENTATION    ; UNSIGNED       ; Untyped                                                                                                                                        ;
; LPM_PIPELINE           ; 0              ; Untyped                                                                                                                                        ;
; LPM_REMAINDERPOSITIVE  ; TRUE           ; Untyped                                                                                                                                        ;
; MAXIMIZE_SPEED         ; 5              ; Untyped                                                                                                                                        ;
; CBXI_PARAMETER         ; lpm_divide_82m ; Untyped                                                                                                                                        ;
; CARRY_CHAIN            ; MANUAL         ; Untyped                                                                                                                                        ;
; OPTIMIZE_FOR_SPEED     ; 5              ; Untyped                                                                                                                                        ;
; AUTO_CARRY_CHAINS      ; ON             ; AUTO_CARRY                                                                                                                                     ;
; IGNORE_CARRY_BUFFERS   ; OFF            ; IGNORE_CARRY                                                                                                                                   ;
; AUTO_CASCADE_CHAINS    ; ON             ; AUTO_CASCADE                                                                                                                                   ;
; IGNORE_CASCADE_BUFFERS ; OFF            ; IGNORE_CASCADE                                                                                                                                 ;
+------------------------+----------------+------------------------------------------------------------------------------------------------------------------------------------------------+
Note: In order to hide this table in the UI and the text report file, please set the "Show Parameter Settings in Synthesis Report" option in "Analysis and Synthesis Settings -> More Settings" to "Off".


+----------------------------------------------------------------------------------------------------------------------------------------------------------------------------+
; Parameter Settings for Inferred Entity Instance: control_logic:ctrl_logic|eight_bit_absolute_value_binary_to_7_segment_BCD_converter:mode_b_result_adapter|lpm_divide:Div0 ;
+------------------------+----------------+----------------------------------------------------------------------------------------------------------------------------------+
; Parameter Name         ; Value          ; Type                                                                                                                             ;
+------------------------+----------------+----------------------------------------------------------------------------------------------------------------------------------+
; LPM_WIDTHN             ; 8              ; Untyped                                                                                                                          ;
; LPM_WIDTHD             ; 4              ; Untyped                                                                                                                          ;
; LPM_NREPRESENTATION    ; UNSIGNED       ; Untyped                                                                                                                          ;
; LPM_DREPRESENTATION    ; UNSIGNED       ; Untyped                                                                                                                          ;
; LPM_PIPELINE           ; 0              ; Untyped                                                                                                                          ;
; LPM_REMAINDERPOSITIVE  ; TRUE           ; Untyped                                                                                                                          ;
; MAXIMIZE_SPEED         ; 5              ; Untyped                                                                                                                          ;
; CBXI_PARAMETER         ; lpm_divide_5am ; Untyped                                                                                                                          ;
; CARRY_CHAIN            ; MANUAL         ; Untyped                                                                                                                          ;
; OPTIMIZE_FOR_SPEED     ; 5              ; Untyped                                                                                                                          ;
; AUTO_CARRY_CHAINS      ; ON             ; AUTO_CARRY                                                                                                                       ;
; IGNORE_CARRY_BUFFERS   ; OFF            ; IGNORE_CARRY                                                                                                                     ;
; AUTO_CASCADE_CHAINS    ; ON             ; AUTO_CASCADE                                                                                                                     ;
; IGNORE_CASCADE_BUFFERS ; OFF            ; IGNORE_CASCADE                                                                                                                   ;
+------------------------+----------------+----------------------------------------------------------------------------------------------------------------------------------+
Note: In order to hide this table in the UI and the text report file, please set the "Show Parameter Settings in Synthesis Report" option in "Analysis and Synthesis Settings -> More Settings" to "Off".


+----------------------------------------------------------------------------------------------------------------------------------------------------------------------------+
; Parameter Settings for Inferred Entity Instance: control_logic:ctrl_logic|eight_bit_absolute_value_binary_to_7_segment_BCD_converter:mode_b_result_adapter|lpm_divide:Mod1 ;
+------------------------+----------------+----------------------------------------------------------------------------------------------------------------------------------+
; Parameter Name         ; Value          ; Type                                                                                                                             ;
+------------------------+----------------+----------------------------------------------------------------------------------------------------------------------------------+
; LPM_WIDTHN             ; 8              ; Untyped                                                                                                                          ;
; LPM_WIDTHD             ; 4              ; Untyped                                                                                                                          ;
; LPM_NREPRESENTATION    ; UNSIGNED       ; Untyped                                                                                                                          ;
; LPM_DREPRESENTATION    ; UNSIGNED       ; Untyped                                                                                                                          ;
; LPM_PIPELINE           ; 0              ; Untyped                                                                                                                          ;
; LPM_REMAINDERPOSITIVE  ; TRUE           ; Untyped                                                                                                                          ;
; MAXIMIZE_SPEED         ; 5              ; Untyped                                                                                                                          ;
; CBXI_PARAMETER         ; lpm_divide_82m ; Untyped                                                                                                                          ;
; CARRY_CHAIN            ; MANUAL         ; Untyped                                                                                                                          ;
; OPTIMIZE_FOR_SPEED     ; 5              ; Untyped                                                                                                                          ;
; AUTO_CARRY_CHAINS      ; ON             ; AUTO_CARRY                                                                                                                       ;
; IGNORE_CARRY_BUFFERS   ; OFF            ; IGNORE_CARRY                                                                                                                     ;
; AUTO_CASCADE_CHAINS    ; ON             ; AUTO_CASCADE                                                                                                                     ;
; IGNORE_CASCADE_BUFFERS ; OFF            ; IGNORE_CASCADE                                                                                                                   ;
+------------------------+----------------+----------------------------------------------------------------------------------------------------------------------------------+
Note: In order to hide this table in the UI and the text report file, please set the "Show Parameter Settings in Synthesis Report" option in "Analysis and Synthesis Settings -> More Settings" to "Off".


+------------------------------------------------------------------------------------------------------------------------------------------------------------------------------------------+
; Parameter Settings for Inferred Entity Instance: control_logic:ctrl_logic|eight_bit_absolute_value_binary_to_7_segment_BCD_converter:mode_b_concatenated_operand_adapter|lpm_divide:Div1 ;
+------------------------+----------------+------------------------------------------------------------------------------------------------------------------------------------------------+
; Parameter Name         ; Value          ; Type                                                                                                                                           ;
+------------------------+----------------+------------------------------------------------------------------------------------------------------------------------------------------------+
; LPM_WIDTHN             ; 8              ; Untyped                                                                                                                                        ;
; LPM_WIDTHD             ; 7              ; Untyped                                                                                                                                        ;
; LPM_NREPRESENTATION    ; UNSIGNED       ; Untyped                                                                                                                                        ;
; LPM_DREPRESENTATION    ; UNSIGNED       ; Untyped                                                                                                                                        ;
; LPM_PIPELINE           ; 0              ; Untyped                                                                                                                                        ;
; LPM_REMAINDERPOSITIVE  ; TRUE           ; Untyped                                                                                                                                        ;
; MAXIMIZE_SPEED         ; 5              ; Untyped                                                                                                                                        ;
; CBXI_PARAMETER         ; lpm_divide_8am ; Untyped                                                                                                                                        ;
; CARRY_CHAIN            ; MANUAL         ; Untyped                                                                                                                                        ;
; OPTIMIZE_FOR_SPEED     ; 5              ; Untyped                                                                                                                                        ;
; AUTO_CARRY_CHAINS      ; ON             ; AUTO_CARRY                                                                                                                                     ;
; IGNORE_CARRY_BUFFERS   ; OFF            ; IGNORE_CARRY                                                                                                                                   ;
; AUTO_CASCADE_CHAINS    ; ON             ; AUTO_CASCADE                                                                                                                                   ;
; IGNORE_CASCADE_BUFFERS ; OFF            ; IGNORE_CASCADE                                                                                                                                 ;
+------------------------+----------------+------------------------------------------------------------------------------------------------------------------------------------------------+
Note: In order to hide this table in the UI and the text report file, please set the "Show Parameter Settings in Synthesis Report" option in "Analysis and Synthesis Settings -> More Settings" to "Off".


+----------------------------------------------------------------------------------------------------------------------------------------------------------------------------+
; Parameter Settings for Inferred Entity Instance: control_logic:ctrl_logic|eight_bit_absolute_value_binary_to_7_segment_BCD_converter:mode_b_result_adapter|lpm_divide:Div1 ;
+------------------------+----------------+----------------------------------------------------------------------------------------------------------------------------------+
; Parameter Name         ; Value          ; Type                                                                                                                             ;
+------------------------+----------------+----------------------------------------------------------------------------------------------------------------------------------+
; LPM_WIDTHN             ; 8              ; Untyped                                                                                                                          ;
; LPM_WIDTHD             ; 7              ; Untyped                                                                                                                          ;
; LPM_NREPRESENTATION    ; UNSIGNED       ; Untyped                                                                                                                          ;
; LPM_DREPRESENTATION    ; UNSIGNED       ; Untyped                                                                                                                          ;
; LPM_PIPELINE           ; 0              ; Untyped                                                                                                                          ;
; LPM_REMAINDERPOSITIVE  ; TRUE           ; Untyped                                                                                                                          ;
; MAXIMIZE_SPEED         ; 5              ; Untyped                                                                                                                          ;
; CBXI_PARAMETER         ; lpm_divide_8am ; Untyped                                                                                                                          ;
; CARRY_CHAIN            ; MANUAL         ; Untyped                                                                                                                          ;
; OPTIMIZE_FOR_SPEED     ; 5              ; Untyped                                                                                                                          ;
; AUTO_CARRY_CHAINS      ; ON             ; AUTO_CARRY                                                                                                                       ;
; IGNORE_CARRY_BUFFERS   ; OFF            ; IGNORE_CARRY                                                                                                                     ;
; AUTO_CASCADE_CHAINS    ; ON             ; AUTO_CASCADE                                                                                                                     ;
; IGNORE_CASCADE_BUFFERS ; OFF            ; IGNORE_CASCADE                                                                                                                   ;
+------------------------+----------------+----------------------------------------------------------------------------------------------------------------------------------+
Note: In order to hide this table in the UI and the text report file, please set the "Show Parameter Settings in Synthesis Report" option in "Analysis and Synthesis Settings -> More Settings" to "Off".


+-----------------------------------------------------------------------------------------------------------------------------------------------------------------------------------------+
; Parameter Settings for Inferred Entity Instance: control_logic:ctrl_logic|eight_bit_absolute_value_binary_to_7_segment_BCD_converter:mode_b_multiplexed_operand_adapter|lpm_divide:Mod0 ;
+------------------------+----------------+-----------------------------------------------------------------------------------------------------------------------------------------------+
; Parameter Name         ; Value          ; Type                                                                                                                                          ;
+------------------------+----------------+-----------------------------------------------------------------------------------------------------------------------------------------------+
; LPM_WIDTHN             ; 8              ; Untyped                                                                                                                                       ;
; LPM_WIDTHD             ; 4              ; Untyped                                                                                                                                       ;
; LPM_NREPRESENTATION    ; UNSIGNED       ; Untyped                                                                                                                                       ;
; LPM_DREPRESENTATION    ; UNSIGNED       ; Untyped                                                                                                                                       ;
; LPM_PIPELINE           ; 0              ; Untyped                                                                                                                                       ;
; LPM_REMAINDERPOSITIVE  ; TRUE           ; Untyped                                                                                                                                       ;
; MAXIMIZE_SPEED         ; 5              ; Untyped                                                                                                                                       ;
; CBXI_PARAMETER         ; lpm_divide_82m ; Untyped                                                                                                                                       ;
; CARRY_CHAIN            ; MANUAL         ; Untyped                                                                                                                                       ;
; OPTIMIZE_FOR_SPEED     ; 5              ; Untyped                                                                                                                                       ;
; AUTO_CARRY_CHAINS      ; ON             ; AUTO_CARRY                                                                                                                                    ;
; IGNORE_CARRY_BUFFERS   ; OFF            ; IGNORE_CARRY                                                                                                                                  ;
; AUTO_CASCADE_CHAINS    ; ON             ; AUTO_CASCADE                                                                                                                                  ;
; IGNORE_CASCADE_BUFFERS ; OFF            ; IGNORE_CASCADE                                                                                                                                ;
+------------------------+----------------+-----------------------------------------------------------------------------------------------------------------------------------------------+
Note: In order to hide this table in the UI and the text report file, please set the "Show Parameter Settings in Synthesis Report" option in "Analysis and Synthesis Settings -> More Settings" to "Off".


+-----------------------------------------------------------------------------------------------------------------------------------------------------------------------------------------+
; Parameter Settings for Inferred Entity Instance: control_logic:ctrl_logic|eight_bit_absolute_value_binary_to_7_segment_BCD_converter:mode_b_multiplexed_operand_adapter|lpm_divide:Div0 ;
+------------------------+----------------+-----------------------------------------------------------------------------------------------------------------------------------------------+
; Parameter Name         ; Value          ; Type                                                                                                                                          ;
+------------------------+----------------+-----------------------------------------------------------------------------------------------------------------------------------------------+
; LPM_WIDTHN             ; 8              ; Untyped                                                                                                                                       ;
; LPM_WIDTHD             ; 4              ; Untyped                                                                                                                                       ;
; LPM_NREPRESENTATION    ; UNSIGNED       ; Untyped                                                                                                                                       ;
; LPM_DREPRESENTATION    ; UNSIGNED       ; Untyped                                                                                                                                       ;
; LPM_PIPELINE           ; 0              ; Untyped                                                                                                                                       ;
; LPM_REMAINDERPOSITIVE  ; TRUE           ; Untyped                                                                                                                                       ;
; MAXIMIZE_SPEED         ; 5              ; Untyped                                                                                                                                       ;
; CBXI_PARAMETER         ; lpm_divide_5am ; Untyped                                                                                                                                       ;
; CARRY_CHAIN            ; MANUAL         ; Untyped                                                                                                                                       ;
; OPTIMIZE_FOR_SPEED     ; 5              ; Untyped                                                                                                                                       ;
; AUTO_CARRY_CHAINS      ; ON             ; AUTO_CARRY                                                                                                                                    ;
; IGNORE_CARRY_BUFFERS   ; OFF            ; IGNORE_CARRY                                                                                                                                  ;
; AUTO_CASCADE_CHAINS    ; ON             ; AUTO_CASCADE                                                                                                                                  ;
; IGNORE_CASCADE_BUFFERS ; OFF            ; IGNORE_CASCADE                                                                                                                                ;
+------------------------+----------------+-----------------------------------------------------------------------------------------------------------------------------------------------+
Note: In order to hide this table in the UI and the text report file, please set the "Show Parameter Settings in Synthesis Report" option in "Analysis and Synthesis Settings -> More Settings" to "Off".


+-----------------------------------------------------------------------------------------------------------------------------------------------------------------------------------------+
; Parameter Settings for Inferred Entity Instance: control_logic:ctrl_logic|eight_bit_absolute_value_binary_to_7_segment_BCD_converter:mode_b_multiplexed_operand_adapter|lpm_divide:Mod1 ;
+------------------------+----------------+-----------------------------------------------------------------------------------------------------------------------------------------------+
; Parameter Name         ; Value          ; Type                                                                                                                                          ;
+------------------------+----------------+-----------------------------------------------------------------------------------------------------------------------------------------------+
; LPM_WIDTHN             ; 8              ; Untyped                                                                                                                                       ;
; LPM_WIDTHD             ; 4              ; Untyped                                                                                                                                       ;
; LPM_NREPRESENTATION    ; UNSIGNED       ; Untyped                                                                                                                                       ;
; LPM_DREPRESENTATION    ; UNSIGNED       ; Untyped                                                                                                                                       ;
; LPM_PIPELINE           ; 0              ; Untyped                                                                                                                                       ;
; LPM_REMAINDERPOSITIVE  ; TRUE           ; Untyped                                                                                                                                       ;
; MAXIMIZE_SPEED         ; 5              ; Untyped                                                                                                                                       ;
; CBXI_PARAMETER         ; lpm_divide_82m ; Untyped                                                                                                                                       ;
; CARRY_CHAIN            ; MANUAL         ; Untyped                                                                                                                                       ;
; OPTIMIZE_FOR_SPEED     ; 5              ; Untyped                                                                                                                                       ;
; AUTO_CARRY_CHAINS      ; ON             ; AUTO_CARRY                                                                                                                                    ;
; IGNORE_CARRY_BUFFERS   ; OFF            ; IGNORE_CARRY                                                                                                                                  ;
; AUTO_CASCADE_CHAINS    ; ON             ; AUTO_CASCADE                                                                                                                                  ;
; IGNORE_CASCADE_BUFFERS ; OFF            ; IGNORE_CASCADE                                                                                                                                ;
+------------------------+----------------+-----------------------------------------------------------------------------------------------------------------------------------------------+
Note: In order to hide this table in the UI and the text report file, please set the "Show Parameter Settings in Synthesis Report" option in "Analysis and Synthesis Settings -> More Settings" to "Off".


+-----------------------------------------------------------------------------------------------------------------------------------------------------------------------------------------+
; Parameter Settings for Inferred Entity Instance: control_logic:ctrl_logic|eight_bit_absolute_value_binary_to_7_segment_BCD_converter:mode_b_multiplexed_operand_adapter|lpm_divide:Div1 ;
+------------------------+----------------+-----------------------------------------------------------------------------------------------------------------------------------------------+
; Parameter Name         ; Value          ; Type                                                                                                                                          ;
+------------------------+----------------+-----------------------------------------------------------------------------------------------------------------------------------------------+
; LPM_WIDTHN             ; 8              ; Untyped                                                                                                                                       ;
; LPM_WIDTHD             ; 7              ; Untyped                                                                                                                                       ;
; LPM_NREPRESENTATION    ; UNSIGNED       ; Untyped                                                                                                                                       ;
; LPM_DREPRESENTATION    ; UNSIGNED       ; Untyped                                                                                                                                       ;
; LPM_PIPELINE           ; 0              ; Untyped                                                                                                                                       ;
; LPM_REMAINDERPOSITIVE  ; TRUE           ; Untyped                                                                                                                                       ;
; MAXIMIZE_SPEED         ; 5              ; Untyped                                                                                                                                       ;
; CBXI_PARAMETER         ; lpm_divide_8am ; Untyped                                                                                                                                       ;
; CARRY_CHAIN            ; MANUAL         ; Untyped                                                                                                                                       ;
; OPTIMIZE_FOR_SPEED     ; 5              ; Untyped                                                                                                                                       ;
; AUTO_CARRY_CHAINS      ; ON             ; AUTO_CARRY                                                                                                                                    ;
; IGNORE_CARRY_BUFFERS   ; OFF            ; IGNORE_CARRY                                                                                                                                  ;
; AUTO_CASCADE_CHAINS    ; ON             ; AUTO_CASCADE                                                                                                                                  ;
; IGNORE_CASCADE_BUFFERS ; OFF            ; IGNORE_CASCADE                                                                                                                                ;
+------------------------+----------------+-----------------------------------------------------------------------------------------------------------------------------------------------+
Note: In order to hide this table in the UI and the text report file, please set the "Show Parameter Settings in Synthesis Report" option in "Analysis and Synthesis Settings -> More Settings" to "Off".


+---------------------------------------------------------------------------------------------------------------------------------------------------------------+
; Port Connectivity Checks: "control_logic:ctrl_logic|three_bit_absolute_value_binary_to_7_segment_converter:mode_a_src0_adapter|seven_segment_adapter:adapter" ;
+-------+-------+----------+------------------------------------------------------------------------------------------------------------------------------------+
; Port  ; Type  ; Severity ; Details                                                                                                                            ;
+-------+-------+----------+------------------------------------------------------------------------------------------------------------------------------------+
; in[3] ; Input ; Info     ; Stuck at GND                                                                                                                       ;
+-------+-------+----------+------------------------------------------------------------------------------------------------------------------------------------+


+--------------------------------------------------------------------+
; Port Connectivity Checks: "control_logic:ctrl_logic"               ;
+----------------------------------+-------+----------+--------------+
; Port                             ; Type  ; Severity ; Details      ;
+----------------------------------+-------+----------+--------------+
; alu_b_concatenated_operand[4..3] ; Input ; Info     ; Stuck at GND ;
+----------------------------------+-------+----------+--------------+


+-----------------------------------------------------+
; Post-Synthesis Netlist Statistics for Top Partition ;
+-----------------------+-----------------------------+
; Type                  ; Count                       ;
+-----------------------+-----------------------------+
; arriav_lcell_comb     ; 654                         ;
;     arith             ; 311                         ;
;         0 data inputs ; 91                          ;
;         1 data inputs ; 33                          ;
;         2 data inputs ; 31                          ;
;         3 data inputs ; 103                         ;
;         4 data inputs ; 53                          ;
;     extend            ; 8                           ;
;         7 data inputs ; 8                           ;
;     normal            ; 289                         ;
;         0 data inputs ; 1                           ;
;         1 data inputs ; 15                          ;
;         2 data inputs ; 81                          ;
;         3 data inputs ; 69                          ;
;         4 data inputs ; 28                          ;
;         5 data inputs ; 68                          ;
;         6 data inputs ; 27                          ;
;     shared            ; 46                          ;
;         0 data inputs ; 14                          ;
;         1 data inputs ; 21                          ;
;         3 data inputs ; 3                           ;
;         4 data inputs ; 8                           ;
; boundary_port         ; 60                          ;
;                       ;                             ;
; Max LUT depth         ; 19.30                       ;
; Average LUT depth     ; 12.76                       ;
+-----------------------+-----------------------------+


+-------------------------------+
; Elapsed Time Per Partition    ;
+----------------+--------------+
; Partition Name ; Elapsed Time ;
+----------------+--------------+
; Top            ; 00:00:01     ;
+----------------+--------------+


+-------------------------------+
; Analysis & Synthesis Messages ;
+-------------------------------+
Info: *******************************************************************
Info: Running Quartus Prime Analysis & Synthesis
    Info: Version 25.1std.0 Build 1129 10/21/2025 SC Lite Edition
    Info: Processing started: Tue Sep  8 13:55:18 2026
Info: Command: quartus_map --read_settings_files=on --write_settings_files=off top_level -c top_level
Warning (18236): Number of processors has not been specified which may cause overloading on shared machines.  Set the global assignment NUM_PARALLEL_PROCESSORS in your QSF to an appropriate value for best performance.
Info (20030): Parallel compilation is enabled and will use 16 of the 24 processors detected
Info (12021): Found 1 design units, including 1 entities, in source file /byronbp/semact/proyecto-taller/group7_ce3201_s2_g1_2026/sprint1/src/top_level.sv
    Info (12023): Found entity 1: top_level File: C:/ByronBP/SemAct/Proyecto-Taller/group7_ce3201_s2_g1_2026/sprint1/src/top_level.sv Line: 1
Info (12021): Found 1 design units, including 1 entities, in source file /byronbp/semact/proyecto-taller/group7_ce3201_s2_g1_2026/sprint1/src/three_bit_absolute_value_binary_to_7_segment_converter.sv
    Info (12023): Found entity 1: three_bit_absolute_value_binary_to_7_segment_converter File: C:/ByronBP/SemAct/Proyecto-Taller/group7_ce3201_s2_g1_2026/sprint1/src/three_bit_absolute_value_binary_to_7_segment_converter.sv Line: 4
Info (12021): Found 1 design units, including 1 entities, in source file /byronbp/semact/proyecto-taller/group7_ce3201_s2_g1_2026/sprint1/src/seven_segment_adapter.sv
    Info (12023): Found entity 1: seven_segment_adapter File: C:/ByronBP/SemAct/Proyecto-Taller/group7_ce3201_s2_g1_2026/sprint1/src/seven_segment_adapter.sv Line: 1
Info (12021): Found 1 design units, including 1 entities, in source file /byronbp/semact/proyecto-taller/group7_ce3201_s2_g1_2026/sprint1/src/n_bit_absolute_value.sv
    Info (12023): Found entity 1: n_bit_absolute_value File: C:/ByronBP/SemAct/Proyecto-Taller/group7_ce3201_s2_g1_2026/sprint1/src/n_bit_absolute_value.sv Line: 2
Info (12021): Found 1 design units, including 1 entities, in source file /byronbp/semact/proyecto-taller/group7_ce3201_s2_g1_2026/sprint1/src/mode_b_constants.sv
    Info (12023): Found entity 1: mode_b_constants File: C:/ByronBP/SemAct/Proyecto-Taller/group7_ce3201_s2_g1_2026/sprint1/src/mode_b_constants.sv Line: 1
Info (12021): Found 1 design units, including 1 entities, in source file /byronbp/semact/proyecto-taller/group7_ce3201_s2_g1_2026/sprint1/src/eight_bit_absolute_value_binary_to_7_segment_bcd_converter.sv
    Info (12023): Found entity 1: eight_bit_absolute_value_binary_to_7_segment_BCD_converter File: C:/ByronBP/SemAct/Proyecto-Taller/group7_ce3201_s2_g1_2026/sprint1/src/eight_bit_absolute_value_binary_to_7_segment_BCD_converter.sv Line: 4
Info (12021): Found 1 design units, including 1 entities, in source file /byronbp/semact/proyecto-taller/group7_ce3201_s2_g1_2026/sprint1/src/decoder_4x16.sv
    Info (12023): Found entity 1: decoder_4x16 File: C:/ByronBP/SemAct/Proyecto-Taller/group7_ce3201_s2_g1_2026/sprint1/src/decoder_4x16.sv Line: 1
Info (12021): Found 1 design units, including 1 entities, in source file /byronbp/semact/proyecto-taller/group7_ce3201_s2_g1_2026/sprint1/src/control_logic.sv
    Info (12023): Found entity 1: control_logic File: C:/ByronBP/SemAct/Proyecto-Taller/group7_ce3201_s2_g1_2026/sprint1/src/control_logic.sv Line: 1
Info (12021): Found 1 design units, including 0 entities, in source file /byronbp/semact/proyecto-taller/group7_ce3201_s2_g1_2026/sprint1/src/alu_types_pkg.sv
    Info (12022): Found design unit 1: alu_types_pkg (SystemVerilog) File: C:/ByronBP/SemAct/Proyecto-Taller/group7_ce3201_s2_g1_2026/sprint1/src/alu_types_pkg.sv Line: 1
Info (12021): Found 1 design units, including 1 entities, in source file /byronbp/semact/proyecto-taller/group7_ce3201_s2_g1_2026/sprint1/src/alu_param.sv
    Info (12023): Found entity 1: alu_param File: C:/ByronBP/SemAct/Proyecto-Taller/group7_ce3201_s2_g1_2026/sprint1/src/alu_param.sv Line: 1
Info (12127): Elaborating entity "top_level" for the top level hierarchy
Info (12128): Elaborating entity "control_logic" for hierarchy "control_logic:ctrl_logic" File: C:/ByronBP/SemAct/Proyecto-Taller/group7_ce3201_s2_g1_2026/sprint1/src/top_level.sv Line: 110
Info (12128): Elaborating entity "three_bit_absolute_value_binary_to_7_segment_converter" for hierarchy "control_logic:ctrl_logic|three_bit_absolute_value_binary_to_7_segment_converter:mode_a_src0_adapter" File: C:/ByronBP/SemAct/Proyecto-Taller/group7_ce3201_s2_g1_2026/sprint1/src/control_logic.sv Line: 31
Info (12128): Elaborating entity "n_bit_absolute_value" for hierarchy "control_logic:ctrl_logic|three_bit_absolute_value_binary_to_7_segment_converter:mode_a_src0_adapter|n_bit_absolute_value:abs3" File: C:/ByronBP/SemAct/Proyecto-Taller/group7_ce3201_s2_g1_2026/sprint1/src/three_bit_absolute_value_binary_to_7_segment_converter.sv Line: 16
Info (12128): Elaborating entity "seven_segment_adapter" for hierarchy "control_logic:ctrl_logic|three_bit_absolute_value_binary_to_7_segment_converter:mode_a_src0_adapter|seven_segment_adapter:adapter" File: C:/ByronBP/SemAct/Proyecto-Taller/group7_ce3201_s2_g1_2026/sprint1/src/three_bit_absolute_value_binary_to_7_segment_converter.sv Line: 22
Info (12128): Elaborating entity "decoder_4x16" for hierarchy "control_logic:ctrl_logic|three_bit_absolute_value_binary_to_7_segment_converter:mode_a_src0_adapter|seven_segment_adapter:adapter|decoder_4x16:u_decoder" File: C:/ByronBP/SemAct/Proyecto-Taller/group7_ce3201_s2_g1_2026/sprint1/src/seven_segment_adapter.sv Line: 11
Info (12128): Elaborating entity "eight_bit_absolute_value_binary_to_7_segment_BCD_converter" for hierarchy "control_logic:ctrl_logic|eight_bit_absolute_value_binary_to_7_segment_BCD_converter:mode_b_concatenated_operand_adapter" File: C:/ByronBP/SemAct/Proyecto-Taller/group7_ce3201_s2_g1_2026/sprint1/src/control_logic.sv Line: 57
Info (12128): Elaborating entity "n_bit_absolute_value" for hierarchy "control_logic:ctrl_logic|eight_bit_absolute_value_binary_to_7_segment_BCD_converter:mode_b_concatenated_operand_adapter|n_bit_absolute_value:abs8" File: C:/ByronBP/SemAct/Proyecto-Taller/group7_ce3201_s2_g1_2026/sprint1/src/eight_bit_absolute_value_binary_to_7_segment_BCD_converter.sv Line: 18
Info (12128): Elaborating entity "alu_param" for hierarchy "alu_param:alu_a" File: C:/ByronBP/SemAct/Proyecto-Taller/group7_ce3201_s2_g1_2026/sprint1/src/top_level.sv Line: 122
Info (12128): Elaborating entity "alu_param" for hierarchy "alu_param:alu_b" File: C:/ByronBP/SemAct/Proyecto-Taller/group7_ce3201_s2_g1_2026/sprint1/src/top_level.sv Line: 133
Info (12128): Elaborating entity "mode_b_constants" for hierarchy "mode_b_constants:constants_bank" File: C:/ByronBP/SemAct/Proyecto-Taller/group7_ce3201_s2_g1_2026/sprint1/src/top_level.sv Line: 141
Info (278001): Inferred 12 megafunctions from design logic
    Info (278004): Inferred divider/modulo megafunction ("lpm_divide") from the following logic: "control_logic:ctrl_logic|eight_bit_absolute_value_binary_to_7_segment_BCD_converter:mode_b_concatenated_operand_adapter|Mod0" File: C:/ByronBP/SemAct/Proyecto-Taller/group7_ce3201_s2_g1_2026/sprint1/src/eight_bit_absolute_value_binary_to_7_segment_BCD_converter.sv Line: 29
    Info (278004): Inferred divider/modulo megafunction ("lpm_divide") from the following logic: "control_logic:ctrl_logic|eight_bit_absolute_value_binary_to_7_segment_BCD_converter:mode_b_result_adapter|Mod0" File: C:/ByronBP/SemAct/Proyecto-Taller/group7_ce3201_s2_g1_2026/sprint1/src/eight_bit_absolute_value_binary_to_7_segment_BCD_converter.sv Line: 29
    Info (278004): Inferred divider/modulo megafunction ("lpm_divide") from the following logic: "control_logic:ctrl_logic|eight_bit_absolute_value_binary_to_7_segment_BCD_converter:mode_b_concatenated_operand_adapter|Div0" File: C:/ByronBP/SemAct/Proyecto-Taller/group7_ce3201_s2_g1_2026/sprint1/src/eight_bit_absolute_value_binary_to_7_segment_BCD_converter.sv Line: 30
    Info (278004): Inferred divider/modulo megafunction ("lpm_divide") from the following logic: "control_logic:ctrl_logic|eight_bit_absolute_value_binary_to_7_segment_BCD_converter:mode_b_concatenated_operand_adapter|Mod1" File: C:/ByronBP/SemAct/Proyecto-Taller/group7_ce3201_s2_g1_2026/sprint1/src/eight_bit_absolute_value_binary_to_7_segment_BCD_converter.sv Line: 30
    Info (278004): Inferred divider/modulo megafunction ("lpm_divide") from the following logic: "control_logic:ctrl_logic|eight_bit_absolute_value_binary_to_7_segment_BCD_converter:mode_b_result_adapter|Div0" File: C:/ByronBP/SemAct/Proyecto-Taller/group7_ce3201_s2_g1_2026/sprint1/src/eight_bit_absolute_value_binary_to_7_segment_BCD_converter.sv Line: 30
    Info (278004): Inferred divider/modulo megafunction ("lpm_divide") from the following logic: "control_logic:ctrl_logic|eight_bit_absolute_value_binary_to_7_segment_BCD_converter:mode_b_result_adapter|Mod1" File: C:/ByronBP/SemAct/Proyecto-Taller/group7_ce3201_s2_g1_2026/sprint1/src/eight_bit_absolute_value_binary_to_7_segment_BCD_converter.sv Line: 30
    Info (278004): Inferred divider/modulo megafunction ("lpm_divide") from the following logic: "control_logic:ctrl_logic|eight_bit_absolute_value_binary_to_7_segment_BCD_converter:mode_b_concatenated_operand_adapter|Div1" File: C:/ByronBP/SemAct/Proyecto-Taller/group7_ce3201_s2_g1_2026/sprint1/src/eight_bit_absolute_value_binary_to_7_segment_BCD_converter.sv Line: 31
    Info (278004): Inferred divider/modulo megafunction ("lpm_divide") from the following logic: "control_logic:ctrl_logic|eight_bit_absolute_value_binary_to_7_segment_BCD_converter:mode_b_result_adapter|Div1" File: C:/ByronBP/SemAct/Proyecto-Taller/group7_ce3201_s2_g1_2026/sprint1/src/eight_bit_absolute_value_binary_to_7_segment_BCD_converter.sv Line: 31
    Info (278004): Inferred divider/modulo megafunction ("lpm_divide") from the following logic: "control_logic:ctrl_logic|eight_bit_absolute_value_binary_to_7_segment_BCD_converter:mode_b_multiplexed_operand_adapter|Mod0" File: C:/ByronBP/SemAct/Proyecto-Taller/group7_ce3201_s2_g1_2026/sprint1/src/eight_bit_absolute_value_binary_to_7_segment_BCD_converter.sv Line: 29
    Info (278004): Inferred divider/modulo megafunction ("lpm_divide") from the following logic: "control_logic:ctrl_logic|eight_bit_absolute_value_binary_to_7_segment_BCD_converter:mode_b_multiplexed_operand_adapter|Div0" File: C:/ByronBP/SemAct/Proyecto-Taller/group7_ce3201_s2_g1_2026/sprint1/src/eight_bit_absolute_value_binary_to_7_segment_BCD_converter.sv Line: 30
    Info (278004): Inferred divider/modulo megafunction ("lpm_divide") from the following logic: "control_logic:ctrl_logic|eight_bit_absolute_value_binary_to_7_segment_BCD_converter:mode_b_multiplexed_operand_adapter|Mod1" File: C:/ByronBP/SemAct/Proyecto-Taller/group7_ce3201_s2_g1_2026/sprint1/src/eight_bit_absolute_value_binary_to_7_segment_BCD_converter.sv Line: 30
    Info (278004): Inferred divider/modulo megafunction ("lpm_divide") from the following logic: "control_logic:ctrl_logic|eight_bit_absolute_value_binary_to_7_segment_BCD_converter:mode_b_multiplexed_operand_adapter|Div1" File: C:/ByronBP/SemAct/Proyecto-Taller/group7_ce3201_s2_g1_2026/sprint1/src/eight_bit_absolute_value_binary_to_7_segment_BCD_converter.sv Line: 31
Info (12130): Elaborated megafunction instantiation "control_logic:ctrl_logic|eight_bit_absolute_value_binary_to_7_segment_BCD_converter:mode_b_concatenated_operand_adapter|lpm_divide:Mod0" File: C:/ByronBP/SemAct/Proyecto-Taller/group7_ce3201_s2_g1_2026/sprint1/src/eight_bit_absolute_value_binary_to_7_segment_BCD_converter.sv Line: 29
Info (12133): Instantiated megafunction "control_logic:ctrl_logic|eight_bit_absolute_value_binary_to_7_segment_BCD_converter:mode_b_concatenated_operand_adapter|lpm_divide:Mod0" with the following parameter: File: C:/ByronBP/SemAct/Proyecto-Taller/group7_ce3201_s2_g1_2026/sprint1/src/eight_bit_absolute_value_binary_to_7_segment_BCD_converter.sv Line: 29
    Info (12134): Parameter "LPM_WIDTHN" = "8"
    Info (12134): Parameter "LPM_WIDTHD" = "4"
    Info (12134): Parameter "LPM_NREPRESENTATION" = "UNSIGNED"
    Info (12134): Parameter "LPM_DREPRESENTATION" = "UNSIGNED"
Info (12021): Found 1 design units, including 1 entities, in source file db/lpm_divide_82m.tdf
    Info (12023): Found entity 1: lpm_divide_82m File: C:/ByronBP/SemAct/Proyecto-Taller/group7_ce3201_s2_g1_2026/sprint1/quartus/db/lpm_divide_82m.tdf Line: 25
Info (12021): Found 1 design units, including 1 entities, in source file db/sign_div_unsign_bkh.tdf
    Info (12023): Found entity 1: sign_div_unsign_bkh File: C:/ByronBP/SemAct/Proyecto-Taller/group7_ce3201_s2_g1_2026/sprint1/quartus/db/sign_div_unsign_bkh.tdf Line: 25
Info (12021): Found 1 design units, including 1 entities, in source file db/alt_u_div_sse.tdf
    Info (12023): Found entity 1: alt_u_div_sse File: C:/ByronBP/SemAct/Proyecto-Taller/group7_ce3201_s2_g1_2026/sprint1/quartus/db/alt_u_div_sse.tdf Line: 23
Info (12130): Elaborated megafunction instantiation "control_logic:ctrl_logic|eight_bit_absolute_value_binary_to_7_segment_BCD_converter:mode_b_concatenated_operand_adapter|lpm_divide:Div0" File: C:/ByronBP/SemAct/Proyecto-Taller/group7_ce3201_s2_g1_2026/sprint1/src/eight_bit_absolute_value_binary_to_7_segment_BCD_converter.sv Line: 30
Info (12133): Instantiated megafunction "control_logic:ctrl_logic|eight_bit_absolute_value_binary_to_7_segment_BCD_converter:mode_b_concatenated_operand_adapter|lpm_divide:Div0" with the following parameter: File: C:/ByronBP/SemAct/Proyecto-Taller/group7_ce3201_s2_g1_2026/sprint1/src/eight_bit_absolute_value_binary_to_7_segment_BCD_converter.sv Line: 30
    Info (12134): Parameter "LPM_WIDTHN" = "8"
    Info (12134): Parameter "LPM_WIDTHD" = "4"
    Info (12134): Parameter "LPM_NREPRESENTATION" = "UNSIGNED"
    Info (12134): Parameter "LPM_DREPRESENTATION" = "UNSIGNED"
Info (12021): Found 1 design units, including 1 entities, in source file db/lpm_divide_5am.tdf
    Info (12023): Found entity 1: lpm_divide_5am File: C:/ByronBP/SemAct/Proyecto-Taller/group7_ce3201_s2_g1_2026/sprint1/quartus/db/lpm_divide_5am.tdf Line: 25
Info (12130): Elaborated megafunction instantiation "control_logic:ctrl_logic|eight_bit_absolute_value_binary_to_7_segment_BCD_converter:mode_b_concatenated_operand_adapter|lpm_divide:Div1" File: C:/ByronBP/SemAct/Proyecto-Taller/group7_ce3201_s2_g1_2026/sprint1/src/eight_bit_absolute_value_binary_to_7_segment_BCD_converter.sv Line: 31
Info (12133): Instantiated megafunction "control_logic:ctrl_logic|eight_bit_absolute_value_binary_to_7_segment_BCD_converter:mode_b_concatenated_operand_adapter|lpm_divide:Div1" with the following parameter: File: C:/ByronBP/SemAct/Proyecto-Taller/group7_ce3201_s2_g1_2026/sprint1/src/eight_bit_absolute_value_binary_to_7_segment_BCD_converter.sv Line: 31
    Info (12134): Parameter "LPM_WIDTHN" = "8"
    Info (12134): Parameter "LPM_WIDTHD" = "7"
    Info (12134): Parameter "LPM_NREPRESENTATION" = "UNSIGNED"
    Info (12134): Parameter "LPM_DREPRESENTATION" = "UNSIGNED"
Info (12021): Found 1 design units, including 1 entities, in source file db/lpm_divide_8am.tdf
    Info (12023): Found entity 1: lpm_divide_8am File: C:/ByronBP/SemAct/Proyecto-Taller/group7_ce3201_s2_g1_2026/sprint1/quartus/db/lpm_divide_8am.tdf Line: 25
Info (12021): Found 1 design units, including 1 entities, in source file db/sign_div_unsign_ekh.tdf
    Info (12023): Found entity 1: sign_div_unsign_ekh File: C:/ByronBP/SemAct/Proyecto-Taller/group7_ce3201_s2_g1_2026/sprint1/quartus/db/sign_div_unsign_ekh.tdf Line: 25
Info (12021): Found 1 design units, including 1 entities, in source file db/alt_u_div_2te.tdf
    Info (12023): Found entity 1: alt_u_div_2te File: C:/ByronBP/SemAct/Proyecto-Taller/group7_ce3201_s2_g1_2026/sprint1/quartus/db/alt_u_div_2te.tdf Line: 23
Info (12130): Elaborated megafunction instantiation "control_logic:ctrl_logic|eight_bit_absolute_value_binary_to_7_segment_BCD_converter:mode_b_multiplexed_operand_adapter|lpm_divide:Mod0" File: C:/ByronBP/SemAct/Proyecto-Taller/group7_ce3201_s2_g1_2026/sprint1/src/eight_bit_absolute_value_binary_to_7_segment_BCD_converter.sv Line: 29
Info (12133): Instantiated megafunction "control_logic:ctrl_logic|eight_bit_absolute_value_binary_to_7_segment_BCD_converter:mode_b_multiplexed_operand_adapter|lpm_divide:Mod0" with the following parameter: File: C:/ByronBP/SemAct/Proyecto-Taller/group7_ce3201_s2_g1_2026/sprint1/src/eight_bit_absolute_value_binary_to_7_segment_BCD_converter.sv Line: 29
    Info (12134): Parameter "LPM_WIDTHN" = "8"
    Info (12134): Parameter "LPM_WIDTHD" = "4"
    Info (12134): Parameter "LPM_NREPRESENTATION" = "UNSIGNED"
    Info (12134): Parameter "LPM_DREPRESENTATION" = "UNSIGNED"
Info (12130): Elaborated megafunction instantiation "control_logic:ctrl_logic|eight_bit_absolute_value_binary_to_7_segment_BCD_converter:mode_b_multiplexed_operand_adapter|lpm_divide:Div0" File: C:/ByronBP/SemAct/Proyecto-Taller/group7_ce3201_s2_g1_2026/sprint1/src/eight_bit_absolute_value_binary_to_7_segment_BCD_converter.sv Line: 30
Info (12133): Instantiated megafunction "control_logic:ctrl_logic|eight_bit_absolute_value_binary_to_7_segment_BCD_converter:mode_b_multiplexed_operand_adapter|lpm_divide:Div0" with the following parameter: File: C:/ByronBP/SemAct/Proyecto-Taller/group7_ce3201_s2_g1_2026/sprint1/src/eight_bit_absolute_value_binary_to_7_segment_BCD_converter.sv Line: 30
    Info (12134): Parameter "LPM_WIDTHN" = "8"
    Info (12134): Parameter "LPM_WIDTHD" = "4"
    Info (12134): Parameter "LPM_NREPRESENTATION" = "UNSIGNED"
    Info (12134): Parameter "LPM_DREPRESENTATION" = "UNSIGNED"
Info (12130): Elaborated megafunction instantiation "control_logic:ctrl_logic|eight_bit_absolute_value_binary_to_7_segment_BCD_converter:mode_b_multiplexed_operand_adapter|lpm_divide:Div1" File: C:/ByronBP/SemAct/Proyecto-Taller/group7_ce3201_s2_g1_2026/sprint1/src/eight_bit_absolute_value_binary_to_7_segment_BCD_converter.sv Line: 31
Info (12133): Instantiated megafunction "control_logic:ctrl_logic|eight_bit_absolute_value_binary_to_7_segment_BCD_converter:mode_b_multiplexed_operand_adapter|lpm_divide:Div1" with the following parameter: File: C:/ByronBP/SemAct/Proyecto-Taller/group7_ce3201_s2_g1_2026/sprint1/src/eight_bit_absolute_value_binary_to_7_segment_BCD_converter.sv Line: 31
    Info (12134): Parameter "LPM_WIDTHN" = "8"
    Info (12134): Parameter "LPM_WIDTHD" = "7"
    Info (12134): Parameter "LPM_NREPRESENTATION" = "UNSIGNED"
    Info (12134): Parameter "LPM_DREPRESENTATION" = "UNSIGNED"
Warning (13024): Output pins are stuck at VCC or GND
    Warning (13410): Pin "seven_segment_display_three[5]" is stuck at GND File: C:/ByronBP/SemAct/Proyecto-Taller/group7_ce3201_s2_g1_2026/sprint1/src/top_level.sv Line: 13
Info (286030): Timing-Driven Synthesis is running
Info (16010): Generating hard_block partition "hard_block:auto_generated_inst"
    Info (16011): Adding 0 node(s), including 0 DDIO, 0 PLL, 0 transceiver and 0 LCELL
Info (21057): Implemented 698 device resources after synthesis - the final resource count might be different
    Info (21058): Implemented 11 input pins
    Info (21059): Implemented 49 output pins
    Info (21061): Implemented 638 logic cells
Info: Quartus Prime Analysis & Synthesis was successful. 0 errors, 3 warnings
    Info: Peak virtual memory: 4908 megabytes
    Info: Processing ended: Tue Sep  8 13:55:25 2026
    Info: Elapsed time: 00:00:07
    Info: Total CPU time (on all processors): 00:00:13


