Fitter report for top_level
Mon Sep 21 02:29:01 2026
Quartus Prime Version 25.1std.0 Build 1129 10/21/2025 SC Lite Edition


---------------------
; Table of Contents ;
---------------------
  1. Legal Notice
  2. Fitter Summary
  3. Fitter Settings
  4. Parallel Compilation
  5. Incremental Compilation Preservation Summary
  6. Incremental Compilation Partition Settings
  7. Incremental Compilation Placement Preservation
  8. Pin-Out File
  9. Fitter Resource Usage Summary
 10. Fitter Partition Statistics
 11. Input Pins
 12. Output Pins
 13. I/O Bank Usage
 14. All Package Pins
 15. I/O Assignment Warnings
 16. Fitter Resource Utilization by Entity
 17. Delay Chain Summary
 18. Pad To Core Delay Chain Fanout
 19. Routing Usage Summary
 20. I/O Rules Summary
 21. I/O Rules Details
 22. I/O Rules Matrix
 23. Fitter Device Options
 24. Operating Settings and Conditions
 25. Fitter Messages
 26. Fitter Suppressed Messages



----------------
; Legal Notice ;
----------------
Copyright (C) 2025  Altera Corporation. All rights reserved.
Your use of Altera Corporation's design tools, logic functions 
and other software and tools, and any partner logic 
functions, and any output files from any of the foregoing 
(including device programming or simulation files), and any 
associated documentation or information are expressly subject 
to the terms and conditions of the Altera Program License 
Subscription Agreement, the Altera Quartus Prime License Agreement,
the Altera IP License Agreement, or other applicable license
agreement, including, without limitation, that your use is for
the sole purpose of programming logic devices manufactured by
Altera and sold by Altera or its authorized distributors.  Please
refer to the Altera Software License Subscription Agreements 
on the Quartus Prime software download page.



+-----------------------------------------------------------------------------------+
; Fitter Summary                                                                    ;
+---------------------------------+-------------------------------------------------+
; Fitter Status                   ; Successful - Mon Sep 21 02:29:01 2026           ;
; Quartus Prime Version           ; 25.1std.0 Build 1129 10/21/2025 SC Lite Edition ;
; Revision Name                   ; top_level                                       ;
; Top-level Entity Name           ; top_level                                       ;
; Family                          ; Cyclone V                                       ;
; Device                          ; 5CSEBA6U19C6                                    ;
; Timing Models                   ; Final                                           ;
; Logic utilization (in ALMs)     ; 149 / 41,910 ( < 1 % )                          ;
; Total registers                 ; 0                                               ;
; Total pins                      ; 60 / 205 ( 29 % )                               ;
; Total virtual pins              ; 0                                               ;
; Total block memory bits         ; 0 / 5,662,720 ( 0 % )                           ;
; Total RAM Blocks                ; 0 / 553 ( 0 % )                                 ;
; Total DSP Blocks                ; 0 / 112 ( 0 % )                                 ;
; Total HSSI RX PCSs              ; 0                                               ;
; Total HSSI PMA RX Deserializers ; 0                                               ;
; Total HSSI TX PCSs              ; 0                                               ;
; Total HSSI PMA TX Serializers   ; 0                                               ;
; Total PLLs                      ; 0 / 6 ( 0 % )                                   ;
; Total DLLs                      ; 0 / 4 ( 0 % )                                   ;
+---------------------------------+-------------------------------------------------+


+----------------------------------------------------------------------------------------------------------------------------------------------------+
; Fitter Settings                                                                                                                                    ;
+--------------------------------------------------------------------+---------------------------------------+---------------------------------------+
; Option                                                             ; Setting                               ; Default Value                         ;
+--------------------------------------------------------------------+---------------------------------------+---------------------------------------+
; Device                                                             ; 5CSEBA6U19C6                          ;                                       ;
; Minimum Core Junction Temperature                                  ; 0                                     ;                                       ;
; Maximum Core Junction Temperature                                  ; 85                                    ;                                       ;
; Use smart compilation                                              ; Off                                   ; Off                                   ;
; Enable parallel Assembler and Timing Analyzer during compilation   ; On                                    ; On                                    ;
; Enable compact report table                                        ; Off                                   ; Off                                   ;
; Router Timing Optimization Level                                   ; Normal                                ; Normal                                ;
; Perform Clocking Topology Analysis During Routing                  ; Off                                   ; Off                                   ;
; Placement Effort Multiplier                                        ; 1.0                                   ; 1.0                                   ;
; Device initialization clock source                                 ; INIT_INTOSC                           ; INIT_INTOSC                           ;
; Optimize Hold Timing                                               ; All Paths                             ; All Paths                             ;
; Optimize Multi-Corner Timing                                       ; On                                    ; On                                    ;
; Auto RAM to MLAB Conversion                                        ; On                                    ; On                                    ;
; Equivalent RAM and MLAB Power Up                                   ; Auto                                  ; Auto                                  ;
; Equivalent RAM and MLAB Paused Read Capabilities                   ; Care                                  ; Care                                  ;
; Power Optimization During Fitting                                  ; Normal compilation                    ; Normal compilation                    ;
; SSN Optimization                                                   ; Off                                   ; Off                                   ;
; Optimize Timing                                                    ; Normal compilation                    ; Normal compilation                    ;
; Optimize Timing for ECOs                                           ; Off                                   ; Off                                   ;
; Regenerate Full Fit Report During ECO Compiles                     ; Off                                   ; Off                                   ;
; Optimize IOC Register Placement for Timing                         ; Normal                                ; Normal                                ;
; Final Placement Optimizations                                      ; Automatically                         ; Automatically                         ;
; Fitter Aggressive Routability Optimizations                        ; Automatically                         ; Automatically                         ;
; Fitter Initial Placement Seed                                      ; 1                                     ; 1                                     ;
; Periphery to Core Placement and Routing Optimization               ; Off                                   ; Off                                   ;
; Weak Pull-Up Resistor                                              ; Off                                   ; Off                                   ;
; Enable Bus-Hold Circuitry                                          ; Off                                   ; Off                                   ;
; Auto Packed Registers                                              ; Auto                                  ; Auto                                  ;
; Auto Delay Chains                                                  ; On                                    ; On                                    ;
; Auto Delay Chains for High Fanout Input Pins                       ; Off                                   ; Off                                   ;
; Treat Bidirectional Pin as Output Pin                              ; Off                                   ; Off                                   ;
; Perform Physical Synthesis for Combinational Logic for Fitting     ; Off                                   ; Off                                   ;
; Perform Physical Synthesis for Combinational Logic for Performance ; Off                                   ; Off                                   ;
; Perform Register Duplication for Performance                       ; Off                                   ; Off                                   ;
; Perform Register Retiming for Performance                          ; Off                                   ; Off                                   ;
; Perform Asynchronous Signal Pipelining                             ; Off                                   ; Off                                   ;
; Fitter Effort                                                      ; Auto Fit                              ; Auto Fit                              ;
; Physical Synthesis Effort Level                                    ; Normal                                ; Normal                                ;
; Logic Cell Insertion - Logic Duplication                           ; Auto                                  ; Auto                                  ;
; Auto Register Duplication                                          ; Auto                                  ; Auto                                  ;
; Auto Global Clock                                                  ; On                                    ; On                                    ;
; Auto Global Register Control Signals                               ; On                                    ; On                                    ;
; Reserve all unused pins                                            ; As input tri-stated with weak pull-up ; As input tri-stated with weak pull-up ;
; Synchronizer Identification                                        ; Auto                                  ; Auto                                  ;
; Enable Beneficial Skew Optimization                                ; On                                    ; On                                    ;
; Optimize Design for Metastability                                  ; On                                    ; On                                    ;
; Active Serial clock source                                         ; FREQ_100MHz                           ; FREQ_100MHz                           ;
; Force Fitter to Avoid Periphery Placement Warnings                 ; Off                                   ; Off                                   ;
; Clamping Diode                                                     ; Off                                   ; Off                                   ;
; Enable input tri-state on active configuration pins in user mode   ; Off                                   ; Off                                   ;
; Advanced Physical Optimization                                     ; On                                    ; On                                    ;
+--------------------------------------------------------------------+---------------------------------------+---------------------------------------+


+------------------------------------------+
; Parallel Compilation                     ;
+----------------------------+-------------+
; Processors                 ; Number      ;
+----------------------------+-------------+
; Number detected on machine ; 24          ;
; Maximum allowed            ; 16          ;
;                            ;             ;
; Average used               ; 1.03        ;
; Maximum used               ; 16          ;
;                            ;             ;
; Usage by Processor         ; % Time Used ;
;     Processor 1            ; 100.0%      ;
;     Processor 2            ;   0.2%      ;
;     Processor 3            ;   0.2%      ;
;     Processor 4            ;   0.2%      ;
;     Processor 5            ;   0.2%      ;
;     Processor 6            ;   0.2%      ;
;     Processor 7            ;   0.2%      ;
;     Processor 8            ;   0.2%      ;
;     Processor 9            ;   0.2%      ;
;     Processor 10           ;   0.2%      ;
;     Processor 11           ;   0.2%      ;
;     Processor 12           ;   0.2%      ;
;     Processor 13           ;   0.2%      ;
;     Processor 14           ;   0.2%      ;
;     Processor 15           ;   0.2%      ;
;     Processor 16           ;   0.2%      ;
+----------------------------+-------------+


+--------------------------------------------------------------------------------------------------+
; Incremental Compilation Preservation Summary                                                     ;
+---------------------+--------------------+----------------------------+--------------------------+
; Type                ; Total [A + B]      ; From Design Partitions [A] ; From Rapid Recompile [B] ;
+---------------------+--------------------+----------------------------+--------------------------+
; Placement (by node) ;                    ;                            ;                          ;
;     -- Requested    ; 0.00 % ( 0 / 359 ) ; 0.00 % ( 0 / 359 )         ; 0.00 % ( 0 / 359 )       ;
;     -- Achieved     ; 0.00 % ( 0 / 359 ) ; 0.00 % ( 0 / 359 )         ; 0.00 % ( 0 / 359 )       ;
;                     ;                    ;                            ;                          ;
; Routing (by net)    ;                    ;                            ;                          ;
;     -- Requested    ; 0.00 % ( 0 / 0 )   ; 0.00 % ( 0 / 0 )           ; 0.00 % ( 0 / 0 )         ;
;     -- Achieved     ; 0.00 % ( 0 / 0 )   ; 0.00 % ( 0 / 0 )           ; 0.00 % ( 0 / 0 )         ;
+---------------------+--------------------+----------------------------+--------------------------+


+----------------------------------------------------------------------------------------------------------------------------------------------------------------------------------------+
; Incremental Compilation Partition Settings                                                                                                                                             ;
+--------------------------------+----------------+-------------------+-------------------------+------------------------+------------------------------+--------------------------------+
; Partition Name                 ; Partition Type ; Netlist Type Used ; Preservation Level Used ; Netlist Type Requested ; Preservation Level Requested ; Contents                       ;
+--------------------------------+----------------+-------------------+-------------------------+------------------------+------------------------------+--------------------------------+
; Top                            ; User-created   ; Source File       ; N/A                     ; Source File            ; N/A                          ;                                ;
; hard_block:auto_generated_inst ; Auto-generated ; Source File       ; N/A                     ; Source File            ; N/A                          ; hard_block:auto_generated_inst ;
+--------------------------------+----------------+-------------------+-------------------------+------------------------+------------------------------+--------------------------------+


+------------------------------------------------------------------------------------------------------------------------------------+
; Incremental Compilation Placement Preservation                                                                                     ;
+--------------------------------+-----------------------+-------------------------+-------------------+---------------------+-------+
; Partition Name                 ; Preservation Achieved ; Preservation Level Used ; Netlist Type Used ; Preservation Method ; Notes ;
+--------------------------------+-----------------------+-------------------------+-------------------+---------------------+-------+
; Top                            ; 0.00 % ( 0 / 359 )    ; N/A                     ; Source File       ; N/A                 ;       ;
; hard_block:auto_generated_inst ; 0.00 % ( 0 / 0 )      ; N/A                     ; Source File       ; N/A                 ;       ;
+--------------------------------+-----------------------+-------------------------+-------------------+---------------------+-------+


+--------------+
; Pin-Out File ;
+--------------+
The pin-out file can be found in C:/ByronBP/SemAct/Proyecto-Taller/group7_ce3201_s2_g1_2026/sprint1/quartus/output_files/top_level.pin.


+------------------------------------------------------------------------------------------+
; Fitter Resource Usage Summary                                                            ;
+-------------------------------------------------------------+--------------------+-------+
; Resource                                                    ; Usage              ; %     ;
+-------------------------------------------------------------+--------------------+-------+
; Logic utilization (ALMs needed / total ALMs on device)      ; 149 / 41,910       ; < 1 % ;
; ALMs needed [=A-B+C]                                        ; 149                ;       ;
;     [A] ALMs used in final placement [=a+b+c+d]             ; 153 / 41,910       ; < 1 % ;
;         [a] ALMs used for LUT logic and registers           ; 0                  ;       ;
;         [b] ALMs used for LUT logic                         ; 153                ;       ;
;         [c] ALMs used for registers                         ; 0                  ;       ;
;         [d] ALMs used for memory (up to half of total ALMs) ; 0                  ;       ;
;     [B] Estimate of ALMs recoverable by dense packing       ; 4 / 41,910         ; < 1 % ;
;     [C] Estimate of ALMs unavailable [=a+b+c+d]             ; 0 / 41,910         ; 0 %   ;
;         [a] Due to location constrained logic               ; 0                  ;       ;
;         [b] Due to LAB-wide signal conflicts                ; 0                  ;       ;
;         [c] Due to LAB input limits                         ; 0                  ;       ;
;         [d] Due to virtual I/Os                             ; 0                  ;       ;
;                                                             ;                    ;       ;
; Difficulty packing design                                   ; Low                ;       ;
;                                                             ;                    ;       ;
; Total LABs:  partially or completely used                   ; 20 / 4,191         ; < 1 % ;
;     -- Logic LABs                                           ; 20                 ;       ;
;     -- Memory LABs (up to half of total LABs)               ; 0                  ;       ;
;                                                             ;                    ;       ;
; Combinational ALUT usage for logic                          ; 239                ;       ;
;     -- 7 input functions                                    ; 8                  ;       ;
;     -- 6 input functions                                    ; 50                 ;       ;
;     -- 5 input functions                                    ; 60                 ;       ;
;     -- 4 input functions                                    ; 52                 ;       ;
;     -- <=3 input functions                                  ; 69                 ;       ;
; Combinational ALUT usage for route-throughs                 ; 0                  ;       ;
;                                                             ;                    ;       ;
; Dedicated logic registers                                   ; 0                  ;       ;
;     -- By type:                                             ;                    ;       ;
;         -- Primary logic registers                          ; 0 / 83,820         ; 0 %   ;
;         -- Secondary logic registers                        ; 0 / 83,820         ; 0 %   ;
;     -- By function:                                         ;                    ;       ;
;         -- Design implementation registers                  ; 0                  ;       ;
;         -- Routing optimization registers                   ; 0                  ;       ;
;                                                             ;                    ;       ;
; Virtual pins                                                ; 0                  ;       ;
; I/O pins                                                    ; 60 / 205           ; 29 %  ;
;     -- Clock pins                                           ; 4 / 6              ; 67 %  ;
;     -- Dedicated input pins                                 ; 0 / 21             ; 0 %   ;
;                                                             ;                    ;       ;
; Hard processor system peripheral utilization                ;                    ;       ;
;     -- Boot from FPGA                                       ; 0 / 1 ( 0 % )      ;       ;
;     -- Clock resets                                         ; 0 / 1 ( 0 % )      ;       ;
;     -- Cross trigger                                        ; 0 / 1 ( 0 % )      ;       ;
;     -- S2F AXI                                              ; 0 / 1 ( 0 % )      ;       ;
;     -- F2S AXI                                              ; 0 / 1 ( 0 % )      ;       ;
;     -- AXI Lightweight                                      ; 0 / 1 ( 0 % )      ;       ;
;     -- SDRAM                                                ; 0 / 1 ( 0 % )      ;       ;
;     -- Interrupts                                           ; 0 / 1 ( 0 % )      ;       ;
;     -- JTAG                                                 ; 0 / 1 ( 0 % )      ;       ;
;     -- Loan I/O                                             ; 0 / 1 ( 0 % )      ;       ;
;     -- MPU event standby                                    ; 0 / 1 ( 0 % )      ;       ;
;     -- MPU general purpose                                  ; 0 / 1 ( 0 % )      ;       ;
;     -- STM event                                            ; 0 / 1 ( 0 % )      ;       ;
;     -- TPIU trace                                           ; 0 / 1 ( 0 % )      ;       ;
;     -- DMA                                                  ; 0 / 1 ( 0 % )      ;       ;
;     -- CAN                                                  ; 0 / 2 ( 0 % )      ;       ;
;     -- EMAC                                                 ; 0 / 2 ( 0 % )      ;       ;
;     -- I2C                                                  ; 0 / 4 ( 0 % )      ;       ;
;     -- NAND Flash                                           ; 0 / 1 ( 0 % )      ;       ;
;     -- QSPI                                                 ; 0 / 1 ( 0 % )      ;       ;
;     -- SDMMC                                                ; 0 / 1 ( 0 % )      ;       ;
;     -- SPI Master                                           ; 0 / 2 ( 0 % )      ;       ;
;     -- SPI Slave                                            ; 0 / 2 ( 0 % )      ;       ;
;     -- UART                                                 ; 0 / 2 ( 0 % )      ;       ;
;     -- USB                                                  ; 0 / 2 ( 0 % )      ;       ;
;                                                             ;                    ;       ;
; M10K blocks                                                 ; 0 / 553            ; 0 %   ;
; Total MLAB memory bits                                      ; 0                  ;       ;
; Total block memory bits                                     ; 0 / 5,662,720      ; 0 %   ;
; Total block memory implementation bits                      ; 0 / 5,662,720      ; 0 %   ;
;                                                             ;                    ;       ;
; Total DSP Blocks                                            ; 0 / 112            ; 0 %   ;
;                                                             ;                    ;       ;
; Fractional PLLs                                             ; 0 / 6              ; 0 %   ;
; Global signals                                              ; 0                  ;       ;
;     -- Global clocks                                        ; 0 / 16             ; 0 %   ;
;     -- Quadrant clocks                                      ; 0 / 66             ; 0 %   ;
;     -- Horizontal periphery clocks                          ; 0 / 18             ; 0 %   ;
; SERDES Transmitters                                         ; 0 / 100            ; 0 %   ;
; SERDES Receivers                                            ; 0 / 100            ; 0 %   ;
; JTAGs                                                       ; 0 / 1              ; 0 %   ;
; ASMI blocks                                                 ; 0 / 1              ; 0 %   ;
; CRC blocks                                                  ; 0 / 1              ; 0 %   ;
; Remote update blocks                                        ; 0 / 1              ; 0 %   ;
; Oscillator blocks                                           ; 0 / 1              ; 0 %   ;
; Impedance control blocks                                    ; 0 / 4              ; 0 %   ;
; Hard Memory Controllers                                     ; 0 / 1              ; 0 %   ;
; Average interconnect usage (total/H/V)                      ; 0.1% / 0.2% / 0.1% ;       ;
; Peak interconnect usage (total/H/V)                         ; 2.5% / 3.0% / 1.9% ;       ;
; Maximum fan-out                                             ; 53                 ;       ;
; Highest non-global fan-out                                  ; 53                 ;       ;
; Total fan-out                                               ; 1169               ;       ;
; Average fan-out                                             ; 3.26               ;       ;
+-------------------------------------------------------------+--------------------+-------+


+----------------------------------------------------------------------------------------------------------------------+
; Fitter Partition Statistics                                                                                          ;
+-------------------------------------------------------------+-----------------------+--------------------------------+
; Statistic                                                   ; Top                   ; hard_block:auto_generated_inst ;
+-------------------------------------------------------------+-----------------------+--------------------------------+
; Logic utilization (ALMs needed / total ALMs on device)      ; 149 / 41910 ( < 1 % ) ; 0 / 41910 ( 0 % )              ;
; ALMs needed [=A-B+C]                                        ; 149                   ; 0                              ;
;     [A] ALMs used in final placement [=a+b+c+d]             ; 153 / 41910 ( < 1 % ) ; 0 / 41910 ( 0 % )              ;
;         [a] ALMs used for LUT logic and registers           ; 0                     ; 0                              ;
;         [b] ALMs used for LUT logic                         ; 153                   ; 0                              ;
;         [c] ALMs used for registers                         ; 0                     ; 0                              ;
;         [d] ALMs used for memory (up to half of total ALMs) ; 0                     ; 0                              ;
;     [B] Estimate of ALMs recoverable by dense packing       ; 4 / 41910 ( < 1 % )   ; 0 / 41910 ( 0 % )              ;
;     [C] Estimate of ALMs unavailable [=a+b+c+d]             ; 0 / 41910 ( 0 % )     ; 0 / 41910 ( 0 % )              ;
;         [a] Due to location constrained logic               ; 0                     ; 0                              ;
;         [b] Due to LAB-wide signal conflicts                ; 0                     ; 0                              ;
;         [c] Due to LAB input limits                         ; 0                     ; 0                              ;
;         [d] Due to virtual I/Os                             ; 0                     ; 0                              ;
;                                                             ;                       ;                                ;
; Difficulty packing design                                   ; Low                   ; Low                            ;
;                                                             ;                       ;                                ;
; Total LABs:  partially or completely used                   ; 20 / 4191 ( < 1 % )   ; 0 / 4191 ( 0 % )               ;
;     -- Logic LABs                                           ; 20                    ; 0                              ;
;     -- Memory LABs (up to half of total LABs)               ; 0                     ; 0                              ;
;                                                             ;                       ;                                ;
; Combinational ALUT usage for logic                          ; 239                   ; 0                              ;
;     -- 7 input functions                                    ; 8                     ; 0                              ;
;     -- 6 input functions                                    ; 50                    ; 0                              ;
;     -- 5 input functions                                    ; 60                    ; 0                              ;
;     -- 4 input functions                                    ; 52                    ; 0                              ;
;     -- <=3 input functions                                  ; 69                    ; 0                              ;
; Combinational ALUT usage for route-throughs                 ; 0                     ; 0                              ;
; Memory ALUT usage                                           ; 0                     ; 0                              ;
;     -- 64-address deep                                      ; 0                     ; 0                              ;
;     -- 32-address deep                                      ; 0                     ; 0                              ;
;                                                             ;                       ;                                ;
; Dedicated logic registers                                   ; 0                     ; 0                              ;
;     -- By type:                                             ;                       ;                                ;
;         -- Primary logic registers                          ; 0 / 83820 ( 0 % )     ; 0 / 83820 ( 0 % )              ;
;         -- Secondary logic registers                        ; 0 / 83820 ( 0 % )     ; 0 / 83820 ( 0 % )              ;
;     -- By function:                                         ;                       ;                                ;
;         -- Design implementation registers                  ; 0                     ; 0                              ;
;         -- Routing optimization registers                   ; 0                     ; 0                              ;
;                                                             ;                       ;                                ;
;                                                             ;                       ;                                ;
; Virtual pins                                                ; 0                     ; 0                              ;
; I/O pins                                                    ; 60                    ; 0                              ;
; I/O registers                                               ; 0                     ; 0                              ;
; Total block memory bits                                     ; 0                     ; 0                              ;
; Total block memory implementation bits                      ; 0                     ; 0                              ;
;                                                             ;                       ;                                ;
; Connections                                                 ;                       ;                                ;
;     -- Input Connections                                    ; 0                     ; 0                              ;
;     -- Registered Input Connections                         ; 0                     ; 0                              ;
;     -- Output Connections                                   ; 0                     ; 0                              ;
;     -- Registered Output Connections                        ; 0                     ; 0                              ;
;                                                             ;                       ;                                ;
; Internal Connections                                        ;                       ;                                ;
;     -- Total Connections                                    ; 1180                  ; 0                              ;
;     -- Registered Connections                               ; 0                     ; 0                              ;
;                                                             ;                       ;                                ;
; External Connections                                        ;                       ;                                ;
;     -- Top                                                  ; 0                     ; 0                              ;
;     -- hard_block:auto_generated_inst                       ; 0                     ; 0                              ;
;                                                             ;                       ;                                ;
; Partition Interface                                         ;                       ;                                ;
;     -- Input Ports                                          ; 11                    ; 0                              ;
;     -- Output Ports                                         ; 49                    ; 0                              ;
;     -- Bidir Ports                                          ; 0                     ; 0                              ;
;                                                             ;                       ;                                ;
; Registered Ports                                            ;                       ;                                ;
;     -- Registered Input Ports                               ; 0                     ; 0                              ;
;     -- Registered Output Ports                              ; 0                     ; 0                              ;
;                                                             ;                       ;                                ;
; Port Connectivity                                           ;                       ;                                ;
;     -- Input Ports driven by GND                            ; 0                     ; 0                              ;
;     -- Output Ports driven by GND                           ; 0                     ; 0                              ;
;     -- Input Ports driven by VCC                            ; 0                     ; 0                              ;
;     -- Output Ports driven by VCC                           ; 0                     ; 0                              ;
;     -- Input Ports with no Source                           ; 0                     ; 0                              ;
;     -- Output Ports with no Source                          ; 0                     ; 0                              ;
;     -- Input Ports with no Fanout                           ; 0                     ; 0                              ;
;     -- Output Ports with no Fanout                          ; 0                     ; 0                              ;
+-------------------------------------------------------------+-----------------------+--------------------------------+


+------------------------------------------------------------------------------------------------------------------------------------------------------------------------------------------------------------------------------------------------------------------------------------------------------+
; Input Pins                                                                                                                                                                                                                                                                                           ;
+-----------------------+-------+----------+--------------+--------------+--------------+-----------------------+--------------------+--------+----------------+-----------------+----------+--------------+--------------+-------------+---------------------------+----------------------+-----------+
; Name                  ; Pin # ; I/O Bank ; X coordinate ; Y coordinate ; Z coordinate ; Combinational Fan-Out ; Registered Fan-Out ; Global ; Input Register ; PCI I/O Enabled ; Bus Hold ; Weak Pull Up ; I/O Standard ; Termination ; Termination Control Block ; Location assigned by ; Slew Rate ;
+-----------------------+-------+----------+--------------+--------------+--------------+-----------------------+--------------------+--------+----------------+-----------------+----------+--------------+--------------+-------------+---------------------------+----------------------+-----------+
; control[0]            ; W14   ; 4A       ; 56           ; 0            ; 0            ; 43                    ; 0                  ; no     ; no             ; no              ; no       ; Off          ; 2.5 V        ; Off         ; --                        ; Fitter               ; no        ;
; control[1]            ; Y14   ; 4A       ; 56           ; 0            ; 17           ; 53                    ; 0                  ; no     ; no             ; no              ; no       ; Off          ; 2.5 V        ; Off         ; --                        ; Fitter               ; no        ;
; control[2]            ; AB20  ; 4A       ; 56           ; 0            ; 51           ; 53                    ; 0                  ; no     ; no             ; no              ; no       ; Off          ; 2.5 V        ; Off         ; --                        ; Fitter               ; no        ;
; control[3]            ; AB8   ; 3B       ; 40           ; 0            ; 17           ; 28                    ; 0                  ; no     ; no             ; no              ; no       ; Off          ; 2.5 V        ; Off         ; --                        ; Fitter               ; no        ;
; display_toggle_button ; V10   ; 3B       ; 32           ; 0            ; 17           ; 11                    ; 0                  ; no     ; no             ; no              ; no       ; Off          ; 2.5 V        ; Off         ; --                        ; Fitter               ; no        ;
; src0[0]               ; AB12  ; 4A       ; 50           ; 0            ; 40           ; 31                    ; 0                  ; no     ; no             ; no              ; no       ; Off          ; 2.5 V        ; Off         ; --                        ; Fitter               ; no        ;
; src0[1]               ; AA16  ; 4A       ; 54           ; 0            ; 34           ; 29                    ; 0                  ; no     ; no             ; no              ; no       ; Off          ; 2.5 V        ; Off         ; --                        ; Fitter               ; no        ;
; src0[2]               ; AA11  ; 4A       ; 50           ; 0            ; 91           ; 31                    ; 0                  ; no     ; no             ; no              ; no       ; Off          ; 2.5 V        ; Off         ; --                        ; Fitter               ; no        ;
; src1[0]               ; AA13  ; 4A       ; 52           ; 0            ; 34           ; 31                    ; 0                  ; no     ; no             ; no              ; no       ; Off          ; 2.5 V        ; Off         ; --                        ; Fitter               ; no        ;
; src1[1]               ; AB13  ; 4A       ; 50           ; 0            ; 57           ; 26                    ; 0                  ; no     ; no             ; no              ; no       ; Off          ; 2.5 V        ; Off         ; --                        ; Fitter               ; no        ;
; src1[2]               ; AB15  ; 4A       ; 54           ; 0            ; 17           ; 51                    ; 0                  ; no     ; no             ; no              ; no       ; Off          ; 2.5 V        ; Off         ; --                        ; Fitter               ; no        ;
+-----------------------+-------+----------+--------------+--------------+--------------+-----------------------+--------------------+--------+----------------+-----------------+----------+--------------+--------------+-------------+---------------------------+----------------------+-----------+


+---------------------------------------------------------------------------------------------------------------------------------------------------------------------------------------------------------------------------------------------------------------------------------------------------------------------------------------------------------------------------------------------------------------------------------------------------------------------------------------------------------------------+
; Output Pins                                                                                                                                                                                                                                                                                                                                                                                                                                                                                                         ;
+--------------------------------+-------+----------+--------------+--------------+--------------+-----------------+------------------------+-----------+-----------------+------------+---------------+----------+--------------+--------------+------------------+-----------------------------------+---------------------------+----------------------------+-----------------------------+---------------------+-----------------------------+----------------------+----------------------+---------------------+
; Name                           ; Pin # ; I/O Bank ; X coordinate ; Y coordinate ; Z coordinate ; Output Register ; Output Enable Register ; Slew Rate ; PCI I/O Enabled ; Open Drain ; TRI Primitive ; Bus Hold ; Weak Pull Up ; I/O Standard ; Current Strength ; Termination                       ; Termination Control Block ; Output Buffer Pre-emphasis ; Voltage Output Differential ; Output Buffer Delay ; Output Buffer Delay Control ; Location assigned by ; Output Enable Source ; Output Enable Group ;
+--------------------------------+-------+----------+--------------+--------------+--------------+-----------------+------------------------+-----------+-----------------+------------+---------------+----------+--------------+--------------+------------------+-----------------------------------+---------------------------+----------------------------+-----------------------------+---------------------+-----------------------------+----------------------+----------------------+---------------------+
; carry                          ; V15   ; 5A       ; 89           ; 9            ; 3            ; no              ; no                     ; 1         ; no              ; no         ; no            ; no       ; Off          ; 2.5 V        ; Default          ; Series 50 Ohm without Calibration ; --                        ; no                         ; no                          ; 0                   ; Off                         ; Fitter               ; -                    ; -                   ;
; negative                       ; U17   ; 5A       ; 89           ; 8            ; 20           ; no              ; no                     ; 1         ; no              ; no         ; no            ; no       ; Off          ; 2.5 V        ; Default          ; Series 50 Ohm without Calibration ; --                        ; no                         ; no                          ; 0                   ; Off                         ; Fitter               ; -                    ; -                   ;
; operand_a_is_negative          ; AA6   ; 3A       ; 4            ; 0            ; 34           ; no              ; no                     ; 1         ; no              ; no         ; no            ; no       ; Off          ; 2.5 V        ; Default          ; Series 50 Ohm without Calibration ; --                        ; no                         ; no                          ; 0                   ; Off                         ; Fitter               ; -                    ; -                   ;
; operand_b_is_negative          ; V9    ; 3A       ; 8            ; 0            ; 34           ; no              ; no                     ; 1         ; no              ; no         ; no            ; no       ; Off          ; 2.5 V        ; Default          ; Series 50 Ohm without Calibration ; --                        ; no                         ; no                          ; 0                   ; Off                         ; Fitter               ; -                    ; -                   ;
; overflow                       ; AB9   ; 3B       ; 38           ; 0            ; 34           ; no              ; no                     ; 1         ; no              ; no         ; no            ; no       ; Off          ; 2.5 V        ; Default          ; Series 50 Ohm without Calibration ; --                        ; no                         ; no                          ; 0                   ; Off                         ; Fitter               ; -                    ; -                   ;
; result_is_negative             ; W16   ; 5A       ; 89           ; 9            ; 20           ; no              ; no                     ; 1         ; no              ; no         ; no            ; no       ; Off          ; 2.5 V        ; Default          ; Series 50 Ohm without Calibration ; --                        ; no                         ; no                          ; 0                   ; Off                         ; Fitter               ; -                    ; -                   ;
; seven_segment_display_five[0]  ; Y21   ; 5A       ; 89           ; 6            ; 54           ; no              ; no                     ; 1         ; no              ; no         ; no            ; no       ; Off          ; 2.5 V        ; Default          ; Series 50 Ohm without Calibration ; --                        ; no                         ; no                          ; 0                   ; Off                         ; Fitter               ; -                    ; -                   ;
; seven_segment_display_five[1]  ; U10   ; 3B       ; 32           ; 0            ; 0            ; no              ; no                     ; 1         ; no              ; no         ; no            ; no       ; Off          ; 2.5 V        ; Default          ; Series 50 Ohm without Calibration ; --                        ; no                         ; no                          ; 0                   ; Off                         ; Fitter               ; -                    ; -                   ;
; seven_segment_display_five[2]  ; U18   ; 5A       ; 89           ; 6            ; 3            ; no              ; no                     ; 1         ; no              ; no         ; no            ; no       ; Off          ; 2.5 V        ; Default          ; Series 50 Ohm without Calibration ; --                        ; no                         ; no                          ; 0                   ; Off                         ; Fitter               ; -                    ; -                   ;
; seven_segment_display_five[3]  ; Y11   ; 4A       ; 50           ; 0            ; 74           ; no              ; no                     ; 1         ; no              ; no         ; no            ; no       ; Off          ; 2.5 V        ; Default          ; Series 50 Ohm without Calibration ; --                        ; no                         ; no                          ; 0                   ; Off                         ; Fitter               ; -                    ; -                   ;
; seven_segment_display_five[4]  ; U7    ; 3A       ; 6            ; 0            ; 0            ; no              ; no                     ; 1         ; no              ; no         ; no            ; no       ; Off          ; 2.5 V        ; Default          ; Series 50 Ohm without Calibration ; --                        ; no                         ; no                          ; 0                   ; Off                         ; Fitter               ; -                    ; -                   ;
; seven_segment_display_five[5]  ; Y8    ; 3A       ; 6            ; 0            ; 34           ; no              ; no                     ; 1         ; no              ; no         ; no            ; no       ; Off          ; 2.5 V        ; Default          ; Series 50 Ohm without Calibration ; --                        ; no                         ; no                          ; 0                   ; Off                         ; Fitter               ; -                    ; -                   ;
; seven_segment_display_five[6]  ; U6    ; 3A       ; 4            ; 0            ; 0            ; no              ; no                     ; 1         ; no              ; no         ; no            ; no       ; Off          ; 2.5 V        ; Default          ; Series 50 Ohm without Calibration ; --                        ; no                         ; no                          ; 0                   ; Off                         ; Fitter               ; -                    ; -                   ;
; seven_segment_display_four[0]  ; W8    ; 3A       ; 8            ; 0            ; 51           ; no              ; no                     ; 1         ; no              ; no         ; no            ; no       ; Off          ; 2.5 V        ; Default          ; Series 50 Ohm without Calibration ; --                        ; no                         ; no                          ; 0                   ; Off                         ; Fitter               ; -                    ; -                   ;
; seven_segment_display_four[1]  ; V6    ; 3A       ; 8            ; 0            ; 0            ; no              ; no                     ; 1         ; no              ; no         ; no            ; no       ; Off          ; 2.5 V        ; Default          ; Series 50 Ohm without Calibration ; --                        ; no                         ; no                          ; 0                   ; Off                         ; Fitter               ; -                    ; -                   ;
; seven_segment_display_four[2]  ; V16   ; 5A       ; 89           ; 8            ; 3            ; no              ; no                     ; 1         ; no              ; no         ; no            ; no       ; Off          ; 2.5 V        ; Default          ; Series 50 Ohm without Calibration ; --                        ; no                         ; no                          ; 0                   ; Off                         ; Fitter               ; -                    ; -                   ;
; seven_segment_display_four[3]  ; W6    ; 3A       ; 2            ; 0            ; 40           ; no              ; no                     ; 1         ; no              ; no         ; no            ; no       ; Off          ; 2.5 V        ; Default          ; Series 50 Ohm without Calibration ; --                        ; no                         ; no                          ; 0                   ; Off                         ; Fitter               ; -                    ; -                   ;
; seven_segment_display_four[4]  ; AA22  ; 5A       ; 89           ; 8            ; 54           ; no              ; no                     ; 1         ; no              ; no         ; no            ; no       ; Off          ; 2.5 V        ; Default          ; Series 50 Ohm without Calibration ; --                        ; no                         ; no                          ; 0                   ; Off                         ; Fitter               ; -                    ; -                   ;
; seven_segment_display_four[5]  ; V19   ; 5A       ; 89           ; 6            ; 20           ; no              ; no                     ; 1         ; no              ; no         ; no            ; no       ; Off          ; 2.5 V        ; Default          ; Series 50 Ohm without Calibration ; --                        ; no                         ; no                          ; 0                   ; Off                         ; Fitter               ; -                    ; -                   ;
; seven_segment_display_four[6]  ; AB7   ; 3A       ; 4            ; 0            ; 51           ; no              ; no                     ; 1         ; no              ; no         ; no            ; no       ; Off          ; 2.5 V        ; Default          ; Series 50 Ohm without Calibration ; --                        ; no                         ; no                          ; 0                   ; Off                         ; Fitter               ; -                    ; -                   ;
; seven_segment_display_one[0]   ; Y16   ; 4A       ; 78           ; 0            ; 17           ; no              ; no                     ; 1         ; no              ; no         ; no            ; no       ; Off          ; 2.5 V        ; Default          ; Series 50 Ohm without Calibration ; --                        ; no                         ; no                          ; 0                   ; Off                         ; Fitter               ; -                    ; -                   ;
; seven_segment_display_one[1]   ; AA18  ; 4A       ; 78           ; 0            ; 34           ; no              ; no                     ; 1         ; no              ; no         ; no            ; no       ; Off          ; 2.5 V        ; Default          ; Series 50 Ohm without Calibration ; --                        ; no                         ; no                          ; 0                   ; Off                         ; Fitter               ; -                    ; -                   ;
; seven_segment_display_one[2]   ; V17   ; 5A       ; 89           ; 4            ; 43           ; no              ; no                     ; 1         ; no              ; no         ; no            ; no       ; Off          ; 2.5 V        ; Default          ; Series 50 Ohm without Calibration ; --                        ; no                         ; no                          ; 0                   ; Off                         ; Fitter               ; -                    ; -                   ;
; seven_segment_display_one[3]   ; Y19   ; 5A       ; 89           ; 4            ; 77           ; no              ; no                     ; 1         ; no              ; no         ; no            ; no       ; Off          ; 2.5 V        ; Default          ; Series 50 Ohm without Calibration ; --                        ; no                         ; no                          ; 0                   ; Off                         ; Fitter               ; -                    ; -                   ;
; seven_segment_display_one[4]   ; AA21  ; 5A       ; 89           ; 6            ; 37           ; no              ; no                     ; 1         ; no              ; no         ; no            ; no       ; Off          ; 2.5 V        ; Default          ; Series 50 Ohm without Calibration ; --                        ; no                         ; no                          ; 0                   ; Off                         ; Fitter               ; -                    ; -                   ;
; seven_segment_display_one[5]   ; W18   ; 5A       ; 89           ; 4            ; 60           ; no              ; no                     ; 1         ; no              ; no         ; no            ; no       ; Off          ; 2.5 V        ; Default          ; Series 50 Ohm without Calibration ; --                        ; no                         ; no                          ; 0                   ; Off                         ; Fitter               ; -                    ; -                   ;
; seven_segment_display_one[6]   ; AA8   ; 3B       ; 40           ; 0            ; 0            ; no              ; no                     ; 1         ; no              ; no         ; no            ; no       ; Off          ; 2.5 V        ; Default          ; Series 50 Ohm without Calibration ; --                        ; no                         ; no                          ; 0                   ; Off                         ; Fitter               ; -                    ; -                   ;
; seven_segment_display_six[0]   ; W21   ; 5A       ; 89           ; 9            ; 54           ; no              ; no                     ; 1         ; no              ; no         ; no            ; no       ; Off          ; 2.5 V        ; Default          ; Series 50 Ohm without Calibration ; --                        ; no                         ; no                          ; 0                   ; Off                         ; Fitter               ; -                    ; -                   ;
; seven_segment_display_six[1]   ; W7    ; 3A       ; 8            ; 0            ; 17           ; no              ; no                     ; 1         ; no              ; no         ; no            ; no       ; Off          ; 2.5 V        ; Default          ; Series 50 Ohm without Calibration ; --                        ; no                         ; no                          ; 0                   ; Off                         ; Fitter               ; -                    ; -                   ;
; seven_segment_display_six[2]   ; AA7   ; 3A       ; 6            ; 0            ; 51           ; no              ; no                     ; 1         ; no              ; no         ; no            ; no       ; Off          ; 2.5 V        ; Default          ; Series 50 Ohm without Calibration ; --                        ; no                         ; no                          ; 0                   ; Off                         ; Fitter               ; -                    ; -                   ;
; seven_segment_display_six[3]   ; V5    ; 3A       ; 4            ; 0            ; 17           ; no              ; no                     ; 1         ; no              ; no         ; no            ; no       ; Off          ; 2.5 V        ; Default          ; Series 50 Ohm without Calibration ; --                        ; no                         ; no                          ; 0                   ; Off                         ; Fitter               ; -                    ; -                   ;
; seven_segment_display_six[4]   ; Y5    ; 3A       ; 2            ; 0            ; 57           ; no              ; no                     ; 1         ; no              ; no         ; no            ; no       ; Off          ; 2.5 V        ; Default          ; Series 50 Ohm without Calibration ; --                        ; no                         ; no                          ; 0                   ; Off                         ; Fitter               ; -                    ; -                   ;
; seven_segment_display_six[5]   ; AA5   ; 3A       ; 2            ; 0            ; 74           ; no              ; no                     ; 1         ; no              ; no         ; no            ; no       ; Off          ; 2.5 V        ; Default          ; Series 50 Ohm without Calibration ; --                        ; no                         ; no                          ; 0                   ; Off                         ; Fitter               ; -                    ; -                   ;
; seven_segment_display_six[6]   ; V7    ; 3A       ; 6            ; 0            ; 17           ; no              ; no                     ; 1         ; no              ; no         ; no            ; no       ; Off          ; 2.5 V        ; Default          ; Series 50 Ohm without Calibration ; --                        ; no                         ; no                          ; 0                   ; Off                         ; Fitter               ; -                    ; -                   ;
; seven_segment_display_three[0] ; V20   ; 5A       ; 89           ; 9            ; 37           ; no              ; no                     ; 1         ; no              ; no         ; no            ; no       ; Off          ; 2.5 V        ; Default          ; Series 50 Ohm without Calibration ; --                        ; no                         ; no                          ; 0                   ; Off                         ; Fitter               ; -                    ; -                   ;
; seven_segment_display_three[1] ; Y13   ; 4A       ; 64           ; 0            ; 17           ; no              ; no                     ; 1         ; no              ; no         ; no            ; no       ; Off          ; 2.5 V        ; Default          ; Series 50 Ohm without Calibration ; --                        ; no                         ; no                          ; 0                   ; Off                         ; Fitter               ; -                    ; -                   ;
; seven_segment_display_three[2] ; W12   ; 4A       ; 64           ; 0            ; 0            ; no              ; no                     ; 1         ; no              ; no         ; no            ; no       ; Off          ; 2.5 V        ; Default          ; Series 50 Ohm without Calibration ; --                        ; no                         ; no                          ; 0                   ; Off                         ; Fitter               ; -                    ; -                   ;
; seven_segment_display_three[3] ; AB18  ; 4A       ; 78           ; 0            ; 51           ; no              ; no                     ; 1         ; no              ; no         ; no            ; no       ; Off          ; 2.5 V        ; Default          ; Series 50 Ohm without Calibration ; --                        ; no                         ; no                          ; 0                   ; Off                         ; Fitter               ; -                    ; -                   ;
; seven_segment_display_three[4] ; AB10  ; 3B       ; 38           ; 0            ; 51           ; no              ; no                     ; 1         ; no              ; no         ; no            ; no       ; Off          ; 2.5 V        ; Default          ; Series 50 Ohm without Calibration ; --                        ; no                         ; no                          ; 0                   ; Off                         ; Fitter               ; -                    ; -                   ;
; seven_segment_display_three[5] ; AB5   ; 3A       ; 2            ; 0            ; 91           ; no              ; no                     ; 1         ; no              ; no         ; no            ; no       ; Off          ; 2.5 V        ; Default          ; Series 50 Ohm without Calibration ; --                        ; no                         ; no                          ; 0                   ; Off                         ; Fitter               ; -                    ; -                   ;
; seven_segment_display_three[6] ; Y15   ; 4A       ; 78           ; 0            ; 0            ; no              ; no                     ; 1         ; no              ; no         ; no            ; no       ; Off          ; 2.5 V        ; Default          ; Series 50 Ohm without Calibration ; --                        ; no                         ; no                          ; 0                   ; Off                         ; Fitter               ; -                    ; -                   ;
; seven_segment_display_two[0]   ; Y20   ; 5A       ; 89           ; 4            ; 94           ; no              ; no                     ; 1         ; no              ; no         ; no            ; no       ; Off          ; 2.5 V        ; Default          ; Series 50 Ohm without Calibration ; --                        ; no                         ; no                          ; 0                   ; Off                         ; Fitter               ; -                    ; -                   ;
; seven_segment_display_two[1]   ; V11   ; 4A       ; 52           ; 0            ; 0            ; no              ; no                     ; 1         ; no              ; no         ; no            ; no       ; Off          ; 2.5 V        ; Default          ; Series 50 Ohm without Calibration ; --                        ; no                         ; no                          ; 0                   ; Off                         ; Fitter               ; -                    ; -                   ;
; seven_segment_display_two[2]   ; AB19  ; 4A       ; 56           ; 0            ; 34           ; no              ; no                     ; 1         ; no              ; no         ; no            ; no       ; Off          ; 2.5 V        ; Default          ; Series 50 Ohm without Calibration ; --                        ; no                         ; no                          ; 0                   ; Off                         ; Fitter               ; -                    ; -                   ;
; seven_segment_display_two[3]   ; AB14  ; 4A       ; 52           ; 0            ; 51           ; no              ; no                     ; 1         ; no              ; no         ; no            ; no       ; Off          ; 2.5 V        ; Default          ; Series 50 Ohm without Calibration ; --                        ; no                         ; no                          ; 0                   ; Off                         ; Fitter               ; -                    ; -                   ;
; seven_segment_display_two[4]   ; AA15  ; 4A       ; 54           ; 0            ; 0            ; no              ; no                     ; 1         ; no              ; no         ; no            ; no       ; Off          ; 2.5 V        ; Default          ; Series 50 Ohm without Calibration ; --                        ; no                         ; no                          ; 0                   ; Off                         ; Fitter               ; -                    ; -                   ;
; seven_segment_display_two[5]   ; W11   ; 4A       ; 52           ; 0            ; 17           ; no              ; no                     ; 1         ; no              ; no         ; no            ; no       ; Off          ; 2.5 V        ; Default          ; Series 50 Ohm without Calibration ; --                        ; no                         ; no                          ; 0                   ; Off                         ; Fitter               ; -                    ; -                   ;
; seven_segment_display_two[6]   ; AB17  ; 4A       ; 54           ; 0            ; 51           ; no              ; no                     ; 1         ; no              ; no         ; no            ; no       ; Off          ; 2.5 V        ; Default          ; Series 50 Ohm without Calibration ; --                        ; no                         ; no                          ; 0                   ; Off                         ; Fitter               ; -                    ; -                   ;
; zero                           ; AB22  ; 5A       ; 89           ; 8            ; 37           ; no              ; no                     ; 1         ; no              ; no         ; no            ; no       ; Off          ; 2.5 V        ; Default          ; Series 50 Ohm without Calibration ; --                        ; no                         ; no                          ; 0                   ; Off                         ; Fitter               ; -                    ; -                   ;
+--------------------------------+-------+----------+--------------+--------------+--------------+-----------------+------------------------+-----------+-----------------+------------+---------------+----------+--------------+--------------+------------------+-----------------------------------+---------------------------+----------------------------+-----------------------------+---------------------+-----------------------------+----------------------+----------------------+---------------------+


+-----------------------------------------------------------------------------+
; I/O Bank Usage                                                              ;
+----------+-------------------+---------------+--------------+---------------+
; I/O Bank ; Usage             ; VCCIO Voltage ; VREF Voltage ; VCCPD Voltage ;
+----------+-------------------+---------------+--------------+---------------+
; B2L      ; 0 / 0 ( -- )      ; --            ; --           ; --            ;
; B1L      ; 0 / 0 ( -- )      ; --            ; --           ; --            ;
; 3A       ; 16 / 16 ( 100 % ) ; 2.5V          ; --           ; 2.5V          ;
; 3B       ; 6 / 6 ( 100 % )   ; 2.5V          ; --           ; 2.5V          ;
; 4A       ; 22 / 22 ( 100 % ) ; 2.5V          ; --           ; 2.5V          ;
; 5A       ; 16 / 16 ( 100 % ) ; 2.5V          ; --           ; 2.5V          ;
; 6B       ; 0 / 23 ( 0 % )    ; 2.5V          ; --           ; 2.5V          ;
; 6A       ; 0 / 52 ( 0 % )    ; 2.5V          ; --           ; 2.5V          ;
; 7A       ; 0 / 19 ( 0 % )    ; 2.5V          ; --           ; 2.5V          ;
; 7B       ; 0 / 21 ( 0 % )    ; 2.5V          ; --           ; 2.5V          ;
; 7C       ; 0 / 8 ( 0 % )     ; 2.5V          ; --           ; 2.5V          ;
; 7D       ; 0 / 14 ( 0 % )    ; 2.5V          ; --           ; 2.5V          ;
; 8A       ; 0 / 6 ( 0 % )     ; 2.5V          ; --           ; 2.5V          ;
+----------+-------------------+---------------+--------------+---------------+


+-----------------------------------------------------------------------------------------------------------------------------------------------------------------------------------+
; All Package Pins                                                                                                                                                                  ;
+----------+------------+----------------+---------------------------------+--------+--------------+---------------------+--------------+-----------------+----------+--------------+
; Location ; Pad Number ; I/O Bank       ; Pin Name/Usage                  ; Dir.   ; I/O Standard ; Voltage             ; I/O Type     ; User Assignment ; Bus Hold ; Weak Pull Up ;
+----------+------------+----------------+---------------------------------+--------+--------------+---------------------+--------------+-----------------+----------+--------------+
; A1       ; 543        ; 9A             ; ^MSEL2                          ;        ;              ;                     ; --           ;                 ; --       ; --           ;
; A2       ; 542        ; 9A             ; ^nCE                            ;        ;              ;                     ; --           ;                 ; --       ; --           ;
; A3       ; 539        ; 9A             ; ^CONF_DONE                      ;        ;              ;                     ; --           ;                 ; --       ; --           ;
; A4       ;            ;                ; GND                             ; gnd    ;              ;                     ; --           ;                 ; --       ; --           ;
; A5       ; 465        ; 8A             ; RESERVED_INPUT_WITH_WEAK_PULLUP ;        ;              ;                     ; Column I/O   ;                 ; no       ; On           ;
; A6       ; 463        ; 8A             ; RESERVED_INPUT_WITH_WEAK_PULLUP ;        ;              ;                     ; Column I/O   ;                 ; no       ; On           ;
; A7       ; 448        ; 7D             ; RESERVED_INPUT_WITH_WEAK_PULLUP ;        ;              ;                     ; Column I/O   ;                 ; no       ; On           ;
; A8       ; 445        ; 7D             ; RESERVED_INPUT_WITH_WEAK_PULLUP ;        ;              ;                     ; Column I/O   ;                 ; no       ; On           ;
; A9       ;            ; 7D             ; VCCIO7D_HPS                     ; power  ;              ; 2.5V                ; --           ;                 ; --       ; --           ;
; A10      ; 433        ; 7C             ; RESERVED_INPUT_WITH_WEAK_PULLUP ;        ;              ;                     ; Column I/O   ;                 ; no       ; On           ;
; A11      ; 425        ; 7B             ; RESERVED_INPUT_WITH_WEAK_PULLUP ;        ;              ;                     ; Column I/O   ;                 ; no       ; On           ;
; A12      ; 419        ; 7B             ; RESERVED_INPUT_WITH_WEAK_PULLUP ;        ;              ;                     ; Column I/O   ;                 ; no       ; On           ;
; A13      ; 415        ; 7B             ; RESERVED_INPUT_WITH_WEAK_PULLUP ;        ;              ;                     ; Column I/O   ;                 ; no       ; On           ;
; A14      ;            ;                ; GND                             ; gnd    ;              ;                     ; --           ;                 ; --       ; --           ;
; A15      ; 401        ; 7A             ; RESERVED_INPUT_WITH_WEAK_PULLUP ;        ;              ;                     ; Column I/O   ;                 ; no       ; On           ;
; A16      ; 399        ; 7A             ; RESERVED_INPUT_WITH_WEAK_PULLUP ;        ;              ;                     ; Column I/O   ;                 ; no       ; On           ;
; A17      ; 404        ; 7A             ; RESERVED_INPUT_WITH_WEAK_PULLUP ;        ;              ;                     ; Column I/O   ;                 ; no       ; On           ;
; A18      ; 402        ; 7A             ; RESERVED_INPUT_WITH_WEAK_PULLUP ;        ;              ;                     ; Column I/O   ;                 ; no       ; On           ;
; A19      ;            ; 7A             ; VCCIO7A_HPS                     ; power  ;              ; 2.5V                ; --           ;                 ; --       ; --           ;
; A20      ; 397        ; 7A             ; RESERVED_INPUT_WITH_WEAK_PULLUP ;        ;              ;                     ; Column I/O   ;                 ; no       ; On           ;
; A21      ; 395        ; 7A             ; RESERVED_INPUT_WITH_WEAK_PULLUP ;        ;              ;                     ; Column I/O   ;                 ; no       ; On           ;
; A22      ; 396        ; 7A             ; RESERVED_INPUT_WITH_WEAK_PULLUP ;        ;              ;                     ; Column I/O   ;                 ; no       ; On           ;
; AA1      ; 43         ; 3A             ; ^nCSO, DATA4                    ;        ;              ;                     ; Weak Pull Up ;                 ; --       ; On           ;
; AA2      ; 49         ; 3A             ; ^AS_DATA1, DATA1                ;        ;              ;                     ; Weak Pull Up ;                 ; --       ; On           ;
; AA3      ;            ; --             ; VCC_AUX                         ; power  ;              ; 2.5V                ; --           ;                 ; --       ; --           ;
; AA4      ;            ;                ; GND                             ; gnd    ;              ;                     ; --           ;                 ; --       ; --           ;
; AA5      ; 55         ; 3A             ; seven_segment_display_six[5]    ; output ; 2.5 V        ;                     ; Column I/O   ; N               ; no       ; Off          ;
; AA6      ; 59         ; 3A             ; operand_a_is_negative           ; output ; 2.5 V        ;                     ; Column I/O   ; N               ; no       ; Off          ;
; AA7      ; 61         ; 3A             ; seven_segment_display_six[2]    ; output ; 2.5 V        ;                     ; Column I/O   ; N               ; no       ; Off          ;
; AA8      ; 130        ; 3B             ; seven_segment_display_one[6]    ; output ; 2.5 V        ;                     ; Column I/O   ; N               ; no       ; Off          ;
; AA9      ;            ; 3B             ; VCCIO3B                         ; power  ;              ; 2.5V                ; --           ;                 ; --       ; --           ;
; AA10     ;            ; 3B             ; VREFB3BN0                       ; power  ;              ;                     ; --           ;                 ; --       ; --           ;
; AA11     ; 132        ; 4A             ; src0[2]                         ; input  ; 2.5 V        ;                     ; Column I/O   ; N               ; no       ; Off          ;
; AA12     ;            ; 3B, 4A         ; VCCPD3B4A                       ; power  ;              ; 2.5V                ; --           ;                 ; --       ; --           ;
; AA13     ; 139        ; 4A             ; src1[0]                         ; input  ; 2.5 V        ;                     ; Column I/O   ; N               ; no       ; Off          ;
; AA14     ;            ;                ; GND                             ; gnd    ;              ;                     ; --           ;                 ; --       ; --           ;
; AA15     ; 143        ; 4A             ; seven_segment_display_two[4]    ; output ; 2.5 V        ;                     ; Column I/O   ; N               ; no       ; Off          ;
; AA16     ; 142        ; 4A             ; src0[1]                         ; input  ; 2.5 V        ;                     ; Column I/O   ; N               ; no       ; Off          ;
; AA17     ;            ; --             ; VCC_AUX                         ; power  ;              ; 2.5V                ; --           ;                 ; --       ; --           ;
; AA18     ; 190        ; 4A             ; seven_segment_display_one[1]    ; output ; 2.5 V        ;                     ; Column I/O   ; N               ; no       ; Off          ;
; AA19     ;            ; 4A             ; VCCIO4A                         ; power  ;              ; 2.5V                ; --           ;                 ; --       ; --           ;
; AA20     ;            ; 4A             ; VREFB4AN0                       ; power  ;              ;                     ; --           ;                 ; --       ; --           ;
; AA21     ; 216        ; 5A             ; seven_segment_display_one[4]    ; output ; 2.5 V        ;                     ; Row I/O      ; N               ; no       ; Off          ;
; AA22     ; 222        ; 5A             ; seven_segment_display_four[4]   ; output ; 2.5 V        ;                     ; Row I/O      ; N               ; no       ; Off          ;
; AB1      ;            ;                ; GND                             ; gnd    ;              ;                     ; --           ;                 ; --       ; --           ;
; AB2      ; 45         ; 3A             ; ^AS_DATA3, DATA3                ;        ;              ;                     ; Weak Pull Up ;                 ; --       ; On           ;
; AB3      ; 51         ; 3A             ; ^AS_DATA0, ASDO, DATA0          ;        ;              ;                     ; Weak Pull Up ;                 ; --       ; On           ;
; AB4      ;            ; 3A             ; VREFB3AN0                       ; power  ;              ;                     ; --           ;                 ; --       ; --           ;
; AB5      ; 53         ; 3A             ; seven_segment_display_three[5]  ; output ; 2.5 V        ;                     ; Column I/O   ; N               ; no       ; Off          ;
; AB6      ;            ; 3A             ; VCCIO3A                         ; power  ;              ; 2.5V                ; --           ;                 ; --       ; --           ;
; AB7      ; 57         ; 3A             ; seven_segment_display_four[6]   ; output ; 2.5 V        ;                     ; Column I/O   ; N               ; no       ; Off          ;
; AB8      ; 128        ; 3B             ; control[3]                      ; input  ; 2.5 V        ;                     ; Column I/O   ; N               ; no       ; Off          ;
; AB9      ; 126        ; 3B             ; overflow                        ; output ; 2.5 V        ;                     ; Column I/O   ; N               ; no       ; Off          ;
; AB10     ; 124        ; 3B             ; seven_segment_display_three[4]  ; output ; 2.5 V        ;                     ; Column I/O   ; N               ; no       ; Off          ;
; AB11     ;            ;                ; GND                             ; gnd    ;              ;                     ; --           ;                 ; --       ; --           ;
; AB12     ; 135        ; 4A             ; src0[0]                         ; input  ; 2.5 V        ;                     ; Column I/O   ; N               ; no       ; Off          ;
; AB13     ; 133        ; 4A             ; src1[1]                         ; input  ; 2.5 V        ;                     ; Column I/O   ; N               ; no       ; Off          ;
; AB14     ; 137        ; 4A             ; seven_segment_display_two[3]    ; output ; 2.5 V        ;                     ; Column I/O   ; N               ; no       ; Off          ;
; AB15     ; 141        ; 4A             ; src1[2]                         ; input  ; 2.5 V        ;                     ; Column I/O   ; N               ; no       ; Off          ;
; AB16     ;            ; 4A             ; VCCIO4A                         ; power  ;              ; 2.5V                ; --           ;                 ; --       ; --           ;
; AB17     ; 140        ; 4A             ; seven_segment_display_two[6]    ; output ; 2.5 V        ;                     ; Column I/O   ; N               ; no       ; Off          ;
; AB18     ; 188        ; 4A             ; seven_segment_display_three[3]  ; output ; 2.5 V        ;                     ; Column I/O   ; N               ; no       ; Off          ;
; AB19     ; 147        ; 4A             ; seven_segment_display_two[2]    ; output ; 2.5 V        ;                     ; Column I/O   ; N               ; no       ; Off          ;
; AB20     ; 145        ; 4A             ; control[2]                      ; input  ; 2.5 V        ;                     ; Column I/O   ; N               ; no       ; Off          ;
; AB21     ;            ;                ; GND                             ; gnd    ;              ;                     ; --           ;                 ; --       ; --           ;
; AB22     ; 220        ; 5A             ; zero                            ; output ; 2.5 V        ;                     ; Row I/O      ; N               ; no       ; Off          ;
; B1       ;            ;                ; GND                             ; gnd    ;              ;                     ; --           ;                 ; --       ; --           ;
; B2       ; 545        ; 9A             ; ^nCONFIG                        ;        ;              ;                     ; --           ;                 ; --       ; --           ;
; B3       ; 541        ; 9A             ; ^nSTATUS                        ;        ;              ;                     ; --           ;                 ; --       ; --           ;
; B4       ; 538        ; 9A             ; ^MSEL0                          ;        ;              ;                     ; --           ;                 ; --       ; --           ;
; B5       ;            ; 8A             ; VREFB8AN0                       ; power  ;              ;                     ; --           ;                 ; --       ; --           ;
; B6       ;            ;                ; GND                             ; gnd    ;              ;                     ; --           ;                 ; --       ; --           ;
; B7       ; 453        ; 7D             ; RESERVED_INPUT_WITH_WEAK_PULLUP ;        ;              ;                     ; Column I/O   ;                 ; no       ; On           ;
; B8       ; 454        ; 7D             ; RESERVED_INPUT_WITH_WEAK_PULLUP ;        ;              ;                     ; Column I/O   ;                 ; no       ; On           ;
; B9       ; 441        ; 7C             ; RESERVED_INPUT_WITH_WEAK_PULLUP ;        ;              ;                     ; Column I/O   ;                 ; no       ; On           ;
; B10      ; 432        ; 7C             ; RESERVED_INPUT_WITH_WEAK_PULLUP ;        ;              ;                     ; Column I/O   ;                 ; no       ; On           ;
; B11      ;            ;                ; GND                             ; gnd    ;              ;                     ; --           ;                 ; --       ; --           ;
; B12      ; 420        ; 7B             ; RESERVED_INPUT_WITH_WEAK_PULLUP ;        ;              ;                     ; Column I/O   ;                 ; no       ; On           ;
; B13      ; 411        ; 7B             ; RESERVED_INPUT_WITH_WEAK_PULLUP ;        ;              ;                     ; Column I/O   ;                 ; no       ; On           ;
; B14      ; 403        ; 7A             ; RESERVED_INPUT_WITH_WEAK_PULLUP ;        ;              ;                     ; Column I/O   ;                 ; no       ; On           ;
; B15      ; 386        ; 7A             ; RESERVED_INPUT_WITH_WEAK_PULLUP ;        ;              ;                     ; Column I/O   ;                 ; no       ; On           ;
; B16      ;            ; 7A             ; VCCIO7A_HPS                     ; power  ;              ; 2.5V                ; --           ;                 ; --       ; --           ;
; B17      ;            ; 7A, 7B, 7C, 7D ; VREFB7A7B7C7DN0_HPS             ; power  ;              ;                     ; --           ;                 ; --       ; --           ;
; B18      ; 376        ; 7A             ; ^HPS_TDO                        ;        ;              ;                     ; --           ;                 ; --       ; --           ;
; B19      ; 393        ; 7A             ; RESERVED_INPUT_WITH_WEAK_PULLUP ;        ;              ;                     ; Column I/O   ;                 ; no       ; On           ;
; B20      ; 394        ; 7A             ; RESERVED_INPUT_WITH_WEAK_PULLUP ;        ;              ;                     ; Column I/O   ;                 ; no       ; On           ;
; B21      ;            ;                ; GND                             ; gnd    ;              ;                     ; --           ;                 ; --       ; --           ;
; B22      ; 362        ; 6A             ; RESERVED_INPUT_WITH_WEAK_PULLUP ;        ;              ;                     ; Row I/O      ;                 ; no       ; On           ;
; C1       ; 547        ; 9A             ; ^GND                            ;        ;              ;                     ; --           ;                 ; --       ; --           ;
; C2       ; 546        ; 9A             ; ^MSEL4                          ;        ;              ;                     ; --           ;                 ; --       ; --           ;
; C3       ;            ;                ; GND                             ; gnd    ;              ;                     ; --           ;                 ; --       ; --           ;
; C4       ; 544        ; 9A             ; ^MSEL3                          ;        ;              ;                     ; --           ;                 ; --       ; --           ;
; C5       ; 476        ; 8A             ; RESERVED_INPUT_WITH_WEAK_PULLUP ;        ;              ;                     ; Column I/O   ;                 ; no       ; On           ;
; C6       ; 474        ; 8A             ; RESERVED_INPUT_WITH_WEAK_PULLUP ;        ;              ;                     ; Column I/O   ;                 ; no       ; On           ;
; C7       ; 449        ; 7D             ; RESERVED_INPUT_WITH_WEAK_PULLUP ;        ;              ;                     ; Column I/O   ;                 ; no       ; On           ;
; C8       ;            ;                ; GND                             ; gnd    ;              ;                     ; --           ;                 ; --       ; --           ;
; C9       ;            ; 7D             ; VCCPD7D_HPS                     ; power  ;              ; 2.5V                ; --           ;                 ; --       ; --           ;
; C10      ; 438        ; 7C             ; RESERVED_INPUT_WITH_WEAK_PULLUP ;        ;              ;                     ; Column I/O   ;                 ; no       ; On           ;
; C11      ; 426        ; 7B             ; RESERVED_INPUT_WITH_WEAK_PULLUP ;        ;              ;                     ; Column I/O   ;                 ; no       ; On           ;
; C12      ; 413        ; 7B             ; RESERVED_INPUT_WITH_WEAK_PULLUP ;        ;              ;                     ; Column I/O   ;                 ; no       ; On           ;
; C13      ;            ; 7B             ; VCCIO7B_HPS                     ; power  ;              ; 2.5V                ; --           ;                 ; --       ; --           ;
; C14      ; 392        ; 7A             ; RESERVED_INPUT_WITH_WEAK_PULLUP ;        ;              ;                     ; Column I/O   ;                 ; no       ; On           ;
; C15      ; 388        ; 7A             ; RESERVED_INPUT_WITH_WEAK_PULLUP ;        ;              ;                     ; Column I/O   ;                 ; no       ; On           ;
; C16      ; 384        ; 7A             ; ^HPS_CLK1                       ;        ;              ;                     ; --           ;                 ; --       ; --           ;
; C17      ;            ;                ; DNU                             ;        ;              ;                     ; --           ;                 ; --       ; --           ;
; C18      ;            ;                ; GND                             ; gnd    ;              ;                     ; --           ;                 ; --       ; --           ;
; C19      ; 391        ; 7A             ; RESERVED_INPUT_WITH_WEAK_PULLUP ;        ;              ;                     ; Column I/O   ;                 ; no       ; On           ;
; C20      ; 389        ; 7A             ; RESERVED_INPUT_WITH_WEAK_PULLUP ;        ;              ;                     ; Column I/O   ;                 ; no       ; On           ;
; C21      ; 368        ; 6A             ; RESERVED_INPUT_WITH_WEAK_PULLUP ;        ;              ;                     ; Row I/O      ;                 ; no       ; On           ;
; C22      ; 360        ; 6A             ; RESERVED_INPUT_WITH_WEAK_PULLUP ;        ;              ;                     ; Row I/O      ;                 ; no       ; On           ;
; D1       ;            ;                ; GND                             ; gnd    ;              ;                     ; --           ;                 ; --       ; --           ;
; D2       ;            ; --             ; VCCBAT                          ; power  ;              ; 1.2V                ; --           ;                 ; --       ; --           ;
; D3       ;            ; --             ; VCC_AUX                         ; power  ;              ; 2.5V                ; --           ;                 ; --       ; --           ;
; D4       ;            ; --             ; VCCPGM                          ; power  ;              ; 1.8V/2.5V/3.0V/3.3V ; --           ;                 ; --       ; --           ;
; D5       ;            ; 8A             ; VCCIO8A                         ; power  ;              ; 2.5V                ; --           ;                 ; --       ; --           ;
; D6       ;            ; 8A             ; VCCPD8A                         ; power  ;              ; 2.5V                ; --           ;                 ; --       ; --           ;
; D7       ; 451        ; 7D             ; RESERVED_INPUT_WITH_WEAK_PULLUP ;        ;              ;                     ; Column I/O   ;                 ; no       ; On           ;
; D8       ; 446        ; 7D             ; RESERVED_INPUT_WITH_WEAK_PULLUP ;        ;              ;                     ; Column I/O   ;                 ; no       ; On           ;
; D9       ;            ; --             ; VCC_AUX                         ; power  ;              ; 2.5V                ; --           ;                 ; --       ; --           ;
; D10      ;            ; 7C             ; VCCIO7C_HPS                     ; power  ;              ; 2.5V                ; --           ;                 ; --       ; --           ;
; D11      ; 421        ; 7B             ; RESERVED_INPUT_WITH_WEAK_PULLUP ;        ;              ;                     ; Column I/O   ;                 ; no       ; On           ;
; D12      ; 422        ; 7B             ; RESERVED_INPUT_WITH_WEAK_PULLUP ;        ;              ;                     ; Column I/O   ;                 ; no       ; On           ;
; D13      ; 409        ; 7B             ; RESERVED_INPUT_WITH_WEAK_PULLUP ;        ;              ;                     ; Column I/O   ;                 ; no       ; On           ;
; D14      ; 398        ; 7A             ; RESERVED_INPUT_WITH_WEAK_PULLUP ;        ;              ;                     ; Column I/O   ;                 ; no       ; On           ;
; D15      ;            ;                ; GND                             ; gnd    ;              ;                     ; --           ;                 ; --       ; --           ;
; D16      ;            ; --             ; VCCRSTCLK_HPS                   ; power  ;              ; 1.8V/2.5V/3.0V/3.3V ; --           ;                 ; --       ; --           ;
; D17      ; 378        ; 7A             ; ^HPS_TMS                        ;        ;              ;                     ; --           ;                 ; --       ; --           ;
; D18      ; 374        ; 7A             ; ^HPS_nRST                       ;        ;              ;                     ; --           ;                 ; --       ; --           ;
; D19      ; 387        ; 7A             ; RESERVED_INPUT_WITH_WEAK_PULLUP ;        ;              ;                     ; Column I/O   ;                 ; no       ; On           ;
; D20      ;            ; 6A             ; VCCIO6A_HPS                     ; power  ;              ; 2.5V                ; --           ;                 ; --       ; --           ;
; D21      ; 371        ; 6A             ; HPS_RZQ_0                       ;        ;              ;                     ; --           ;                 ; no       ; On           ;
; D22      ; 369        ; 6A             ; RESERVED_INPUT_WITH_WEAK_PULLUP ;        ;              ;                     ; Row I/O      ;                 ; no       ; On           ;
; E1       ;            ;                ; GND                             ; gnd    ;              ;                     ; --           ;                 ; --       ; --           ;
; E2       ;            ;                ; GND                             ; gnd    ;              ;                     ; --           ;                 ; --       ; --           ;
; E3       ;            ;                ; GND                             ; gnd    ;              ;                     ; --           ;                 ; --       ; --           ;
; E4       ; 540        ; 9A             ; ^MSEL1                          ;        ;              ;                     ; --           ;                 ; --       ; --           ;
; E5       ; 460        ; 8A             ; RESERVED_INPUT_WITH_WEAK_PULLUP ;        ;              ;                     ; Column I/O   ;                 ; no       ; On           ;
; E6       ; 455        ; 7D             ; RESERVED_INPUT_WITH_WEAK_PULLUP ;        ;              ;                     ; Column I/O   ;                 ; no       ; On           ;
; E7       ;            ; 7D             ; VCCIO7D_HPS                     ; power  ;              ; 2.5V                ; --           ;                 ; --       ; --           ;
; E8       ; 431        ; 7C             ; RESERVED_INPUT_WITH_WEAK_PULLUP ;        ;              ;                     ; Column I/O   ;                 ; no       ; On           ;
; E9       ; 439        ; 7C             ; RESERVED_INPUT_WITH_WEAK_PULLUP ;        ;              ;                     ; Column I/O   ;                 ; no       ; On           ;
; E10      ;            ; 7C             ; VCCPD7C_HPS                     ; power  ;              ; 2.5V                ; --           ;                 ; --       ; --           ;
; E11      ; 418        ; 7B             ; RESERVED_INPUT_WITH_WEAK_PULLUP ;        ;              ;                     ; Column I/O   ;                 ; no       ; On           ;
; E12      ;            ;                ; GND                             ; gnd    ;              ;                     ; --           ;                 ; --       ; --           ;
; E13      ; 400        ; 7A             ; RESERVED_INPUT_WITH_WEAK_PULLUP ;        ;              ;                     ; Column I/O   ;                 ; no       ; On           ;
; E14      ; 385        ; 7A             ; ^HPS_CLK2                       ;        ;              ;                     ; --           ;                 ; --       ; --           ;
; E15      ; 375        ; 7A             ; ^HPS_nPOR                       ;        ;              ;                     ; --           ;                 ; --       ; --           ;
; E16      ;            ; --             ; VCC_AUX_SHARED                  ; power  ;              ; 2.5V                ; --           ;                 ; --       ; --           ;
; E17      ;            ; 6A             ; VCCIO6A_HPS                     ; power  ;              ; 2.5V                ; --           ;                 ; --       ; --           ;
; E18      ; 370        ; 6A             ; RESERVED_INPUT_WITH_WEAK_PULLUP ;        ;              ;                     ; Row I/O      ;                 ; no       ; On           ;
; E19      ; 363        ; 6A             ; RESERVED_INPUT_WITH_WEAK_PULLUP ;        ;              ;                     ; Row I/O      ;                 ; no       ; On           ;
; E20      ; 365        ; 6A             ; RESERVED_INPUT_WITH_WEAK_PULLUP ;        ;              ;                     ; Row I/O      ;                 ; no       ; On           ;
; E21      ; 367        ; 6A             ; RESERVED_INPUT_WITH_WEAK_PULLUP ;        ;              ;                     ; Row I/O      ;                 ; no       ; On           ;
; E22      ;            ;                ; GND                             ; gnd    ;              ;                     ; --           ;                 ; --       ; --           ;
; F1       ;            ; --             ; VCCA_FPLL                       ; power  ;              ; 2.5V                ; --           ;                 ; --       ; --           ;
; F2       ;            ;                ; GND                             ; gnd    ;              ;                     ; --           ;                 ; --       ; --           ;
; F3       ;            ;                ; GND                             ; gnd    ;              ;                     ; --           ;                 ; --       ; --           ;
; F4       ;            ;                ; GND                             ; gnd    ;              ;                     ; --           ;                 ; --       ; --           ;
; F5       ; 458        ; 8A             ; RESERVED_INPUT_WITH_WEAK_PULLUP ;        ;              ;                     ; Column I/O   ;                 ; no       ; On           ;
; F6       ; 447        ; 7D             ; RESERVED_INPUT_WITH_WEAK_PULLUP ;        ;              ;                     ; Column I/O   ;                 ; no       ; On           ;
; F7       ; 443        ; 7D             ; RESERVED_INPUT_WITH_WEAK_PULLUP ;        ;              ;                     ; Column I/O   ;                 ; no       ; On           ;
; F8       ; 440        ; 7C             ; RESERVED_INPUT_WITH_WEAK_PULLUP ;        ;              ;                     ; Column I/O   ;                 ; no       ; On           ;
; F9       ;            ;                ; GND                             ; gnd    ;              ;                     ; --           ;                 ; --       ; --           ;
; F10      ; 423        ; 7B             ; RESERVED_INPUT_WITH_WEAK_PULLUP ;        ;              ;                     ; Column I/O   ;                 ; no       ; On           ;
; F11      ; 424        ; 7B             ; RESERVED_INPUT_WITH_WEAK_PULLUP ;        ;              ;                     ; Column I/O   ;                 ; no       ; On           ;
; F12      ;            ; 7B             ; VCCPD7B_HPS                     ; power  ;              ; 2.5V                ; --           ;                 ; --       ; --           ;
; F13      ; 390        ; 7A             ; RESERVED_INPUT_WITH_WEAK_PULLUP ;        ;              ;                     ; Column I/O   ;                 ; no       ; On           ;
; F14      ;            ;                ; GND                             ; gnd    ;              ;                     ; --           ;                 ; --       ; --           ;
; F15      ; 382        ; 7A             ; ^GND                            ;        ;              ;                     ; --           ;                 ; --       ; --           ;
; F16      ; 381        ; 7A             ; ^HPS_TDI                        ;        ;              ;                     ; --           ;                 ; --       ; --           ;
; F17      ; 373        ; 7A             ; ^GND                            ;        ;              ;                     ; --           ;                 ; --       ; --           ;
; F18      ;            ; --             ; VCCPLL_HPS                      ; power  ;              ; 2.5V                ; --           ;                 ; --       ; --           ;
; F19      ;            ;                ; GND                             ; gnd    ;              ;                     ; --           ;                 ; --       ; --           ;
; F20      ; 357        ; 6A             ; RESERVED_INPUT_WITH_WEAK_PULLUP ;        ;              ;                     ; Row I/O      ;                 ; no       ; On           ;
; F21      ; 359        ; 6A             ; RESERVED_INPUT_WITH_WEAK_PULLUP ;        ;              ;                     ; Row I/O      ;                 ; no       ; On           ;
; F22      ; 361        ; 6A             ; RESERVED_INPUT_WITH_WEAK_PULLUP ;        ;              ;                     ; Row I/O      ;                 ; no       ; On           ;
; G1       ;            ;                ; GND                             ; gnd    ;              ;                     ; --           ;                 ; --       ; --           ;
; G2       ;            ;                ; GND                             ; gnd    ;              ;                     ; --           ;                 ; --       ; --           ;
; G3       ;            ;                ; NC                              ;        ;              ;                     ; --           ;                 ; --       ; --           ;
; G4       ;            ;                ; GND                             ; gnd    ;              ;                     ; --           ;                 ; --       ; --           ;
; G5       ;            ;                ; GND                             ; gnd    ;              ;                     ; --           ;                 ; --       ; --           ;
; G6       ;            ;                ; GND                             ; gnd    ;              ;                     ; --           ;                 ; --       ; --           ;
; G7       ; 444        ; 7D             ; RESERVED_INPUT_WITH_WEAK_PULLUP ;        ;              ;                     ; Column I/O   ;                 ; no       ; On           ;
; G8       ;            ;                ; DNU                             ;        ;              ;                     ; --           ;                 ; --       ; --           ;
; G9       ; 430        ; 7C             ; RESERVED_INPUT_WITH_WEAK_PULLUP ;        ;              ;                     ; Column I/O   ;                 ; no       ; On           ;
; G10      ; 417        ; 7B             ; RESERVED_INPUT_WITH_WEAK_PULLUP ;        ;              ;                     ; Column I/O   ;                 ; no       ; On           ;
; G11      ;            ; 7B             ; VCCIO7B_HPS                     ; power  ;              ; 2.5V                ; --           ;                 ; --       ; --           ;
; G12      ; 416        ; 7B             ; RESERVED_INPUT_WITH_WEAK_PULLUP ;        ;              ;                     ; Column I/O   ;                 ; no       ; On           ;
; G13      ;            ; 7A             ; VCCPD7A_HPS                     ; power  ;              ; 2.5V                ; --           ;                 ; --       ; --           ;
; G14      ; 383        ; 7A             ; ^HPS_PORSEL                     ;        ;              ;                     ; --           ;                 ; --       ; --           ;
; G15      ; 377        ; 7A             ; ^VCCRSTCLK_HPS                  ;        ;              ;                     ; --           ;                 ; --       ; --           ;
; G16      ;            ;                ; GND                             ; gnd    ;              ;                     ; --           ;                 ; --       ; --           ;
; G17      ; 372        ; 7A             ; ^GND                            ;        ;              ;                     ; --           ;                 ; --       ; --           ;
; G18      ; 354        ; 6A             ; RESERVED_INPUT_WITH_WEAK_PULLUP ;        ;              ;                     ; Row I/O      ;                 ; no       ; On           ;
; G19      ; 346        ; 6A             ; RESERVED_INPUT_WITH_WEAK_PULLUP ;        ;              ;                     ; Row I/O      ;                 ; no       ; On           ;
; G20      ; 352        ; 6A             ; RESERVED_INPUT_WITH_WEAK_PULLUP ;        ;              ;                     ; Row I/O      ;                 ; no       ; On           ;
; G21      ;            ; 6A             ; VCCIO6A_HPS                     ; power  ;              ; 2.5V                ; --           ;                 ; --       ; --           ;
; G22      ; 353        ; 6A             ; RESERVED_INPUT_WITH_WEAK_PULLUP ;        ;              ;                     ; Row I/O      ;                 ; no       ; On           ;
; H1       ;            ;                ; DNU                             ;        ;              ;                     ; --           ;                 ; --       ; --           ;
; H2       ;            ;                ; GND                             ; gnd    ;              ;                     ; --           ;                 ; --       ; --           ;
; H3       ;            ;                ; NC                              ;        ;              ;                     ; --           ;                 ; --       ; --           ;
; H4       ;            ;                ; GND                             ; gnd    ;              ;                     ; --           ;                 ; --       ; --           ;
; H5       ;            ;                ; GND                             ; gnd    ;              ;                     ; --           ;                 ; --       ; --           ;
; H6       ; 450        ; 7D             ; RESERVED_INPUT_WITH_WEAK_PULLUP ;        ;              ;                     ; Column I/O   ;                 ; no       ; On           ;
; H7       ; 442        ; 7D             ; RESERVED_INPUT_WITH_WEAK_PULLUP ;        ;              ;                     ; Column I/O   ;                 ; no       ; On           ;
; H8       ;            ; --             ; VCC                             ; power  ;              ; 1.1V                ; --           ;                 ; --       ; --           ;
; H9       ; 452        ; 7D             ; RESERVED_INPUT_WITH_WEAK_PULLUP ;        ;              ;                     ; Column I/O   ;                 ; no       ; On           ;
; H10      ; 412        ; 7B             ; RESERVED_INPUT_WITH_WEAK_PULLUP ;        ;              ;                     ; Column I/O   ;                 ; no       ; On           ;
; H11      ; 414        ; 7B             ; RESERVED_INPUT_WITH_WEAK_PULLUP ;        ;              ;                     ; Column I/O   ;                 ; no       ; On           ;
; H12      ; 410        ; 7B             ; RESERVED_INPUT_WITH_WEAK_PULLUP ;        ;              ;                     ; Column I/O   ;                 ; no       ; On           ;
; H13      ;            ;                ; GND                             ; gnd    ;              ;                     ; --           ;                 ; --       ; --           ;
; H14      ; 380        ; 7A             ; ^HPS_TRST                       ;        ;              ;                     ; --           ;                 ; --       ; --           ;
; H15      ; 364        ; 6A             ; RESERVED_INPUT_WITH_WEAK_PULLUP ;        ;              ;                     ; Row I/O      ;                 ; no       ; On           ;
; H16      ;            ; 6A, 6B         ; VCCPD6A6B_HPS                   ; power  ;              ; 2.5V                ; --           ;                 ; --       ; --           ;
; H17      ; 344        ; 6A             ; RESERVED_INPUT_WITH_WEAK_PULLUP ;        ;              ;                     ; Row I/O      ;                 ; no       ; On           ;
; H18      ;            ; 6A             ; VCCIO6A_HPS                     ; power  ;              ; 2.5V                ; --           ;                 ; --       ; --           ;
; H19      ; 339        ; 6A             ; RESERVED_INPUT_WITH_WEAK_PULLUP ;        ;              ;                     ; Row I/O      ;                 ; --       ; --           ;
; H20      ; 347        ; 6A             ; RESERVED_INPUT_WITH_WEAK_PULLUP ;        ;              ;                     ; Row I/O      ;                 ; no       ; On           ;
; H21      ; 351        ; 6A             ; RESERVED_INPUT_WITH_WEAK_PULLUP ;        ;              ;                     ; Row I/O      ;                 ; no       ; On           ;
; H22      ; 349        ; 6A             ; RESERVED_INPUT_WITH_WEAK_PULLUP ;        ;              ;                     ; Row I/O      ;                 ; no       ; On           ;
; J1       ;            ;                ; GND                             ;        ;              ;                     ; --           ;                 ; --       ; --           ;
; J2       ;            ;                ; DNU                             ;        ;              ;                     ; --           ;                 ; --       ; --           ;
; J3       ;            ;                ; GND                             ; gnd    ;              ;                     ; --           ;                 ; --       ; --           ;
; J4       ;            ; --             ; VCC                             ; power  ;              ; 1.1V                ; --           ;                 ; --       ; --           ;
; J5       ;            ;                ; GND                             ; gnd    ;              ;                     ; --           ;                 ; --       ; --           ;
; J6       ;            ; --             ; VCC                             ; power  ;              ; 1.1V                ; --           ;                 ; --       ; --           ;
; J7       ;            ;                ; GND                             ; gnd    ;              ;                     ; --           ;                 ; --       ; --           ;
; J8       ;            ; --             ; VCC                             ; power  ;              ; 1.1V                ; --           ;                 ; --       ; --           ;
; J9       ; 408        ; 7B             ; RESERVED_INPUT_WITH_WEAK_PULLUP ;        ;              ;                     ; Column I/O   ;                 ; no       ; On           ;
; J10      ;            ;                ; GND                             ; gnd    ;              ;                     ; --           ;                 ; --       ; --           ;
; J11      ; 406        ; 7B             ; RESERVED_INPUT_WITH_WEAK_PULLUP ;        ;              ;                     ; Column I/O   ;                 ; no       ; On           ;
; J12      ; 407        ; 7B             ; RESERVED_INPUT_WITH_WEAK_PULLUP ;        ;              ;                     ; Column I/O   ;                 ; no       ; On           ;
; J13      ; 379        ; 7A             ; ^HPS_TCK                        ;        ;              ;                     ; --           ;                 ; --       ; --           ;
; J14      ; 350        ; 6A             ; RESERVED_INPUT_WITH_WEAK_PULLUP ;        ;              ;                     ; Row I/O      ;                 ; no       ; On           ;
; J15      ;            ; 6A             ; VCCIO6A_HPS                     ; power  ;              ; 2.5V                ; --           ;                 ; --       ; --           ;
; J16      ; 366        ; 6A             ; RESERVED_INPUT_WITH_WEAK_PULLUP ;        ;              ;                     ; Row I/O      ;                 ; no       ; On           ;
; J17      ;            ; 6A, 6B         ; VCCPD6A6B_HPS                   ; power  ;              ; 2.5V                ; --           ;                 ; --       ; --           ;
; J18      ; 338        ; 6A             ; RESERVED_INPUT_WITH_WEAK_PULLUP ;        ;              ;                     ; Row I/O      ;                 ; no       ; On           ;
; J19      ; 336        ; 6A             ; RESERVED_INPUT_WITH_WEAK_PULLUP ;        ;              ;                     ; Row I/O      ;                 ; no       ; On           ;
; J20      ;            ;                ; GND                             ; gnd    ;              ;                     ; --           ;                 ; --       ; --           ;
; J21      ; 345        ; 6A             ; RESERVED_INPUT_WITH_WEAK_PULLUP ;        ;              ;                     ; Row I/O      ;                 ; no       ; On           ;
; J22      ; 343        ; 6A             ; RESERVED_INPUT_WITH_WEAK_PULLUP ;        ;              ;                     ; Row I/O      ;                 ; no       ; On           ;
; K1       ;            ;                ; GND                             ; gnd    ;              ;                     ; --           ;                 ; --       ; --           ;
; K2       ;            ;                ; GND                             ; gnd    ;              ;                     ; --           ;                 ; --       ; --           ;
; K3       ;            ; --             ; VCC                             ; power  ;              ; 1.1V                ; --           ;                 ; --       ; --           ;
; K4       ;            ;                ; GND                             ; gnd    ;              ;                     ; --           ;                 ; --       ; --           ;
; K5       ;            ; --             ; VCC                             ; power  ;              ; 1.1V                ; --           ;                 ; --       ; --           ;
; K6       ;            ;                ; GND                             ; gnd    ;              ;                     ; --           ;                 ; --       ; --           ;
; K7       ;            ; --             ; VCC                             ; power  ;              ; 1.1V                ; --           ;                 ; --       ; --           ;
; K8       ;            ;                ; GND                             ; gnd    ;              ;                     ; --           ;                 ; --       ; --           ;
; K9       ;            ;                ; GND                             ; gnd    ;              ;                     ; --           ;                 ; --       ; --           ;
; K10      ;            ; --             ; VCC_HPS                         ; power  ;              ; 1.1V                ; --           ;                 ; --       ; --           ;
; K11      ;            ;                ; GND                             ; gnd    ;              ;                     ; --           ;                 ; --       ; --           ;
; K12      ;            ; --             ; VCC_HPS                         ; power  ;              ; 1.1V                ; --           ;                 ; --       ; --           ;
; K13      ;            ;                ; GND                             ; gnd    ;              ;                     ; --           ;                 ; --       ; --           ;
; K14      ; 334        ; 6A             ; RESERVED_INPUT_WITH_WEAK_PULLUP ;        ;              ;                     ; Row I/O      ;                 ; no       ; On           ;
; K15      ; 348        ; 6A             ; RESERVED_INPUT_WITH_WEAK_PULLUP ;        ;              ;                     ; Row I/O      ;                 ; no       ; On           ;
; K16      ; 328        ; 6A             ; RESERVED_INPUT_WITH_WEAK_PULLUP ;        ;              ;                     ; Row I/O      ;                 ; no       ; On           ;
; K17      ;            ;                ; GND                             ; gnd    ;              ;                     ; --           ;                 ; --       ; --           ;
; K18      ; 330        ; 6A             ; RESERVED_INPUT_WITH_WEAK_PULLUP ;        ;              ;                     ; Row I/O      ;                 ; no       ; On           ;
; K19      ; 320        ; 6A             ; RESERVED_INPUT_WITH_WEAK_PULLUP ;        ;              ;                     ; Row I/O      ;                 ; no       ; On           ;
; K20      ; 322        ; 6A             ; RESERVED_INPUT_WITH_WEAK_PULLUP ;        ;              ;                     ; Row I/O      ;                 ; no       ; On           ;
; K21      ; 335        ; 6A             ; RESERVED_INPUT_WITH_WEAK_PULLUP ;        ;              ;                     ; Row I/O      ;                 ; no       ; On           ;
; K22      ;            ; 6A             ; VCCIO6A_HPS                     ; power  ;              ; 2.5V                ; --           ;                 ; --       ; --           ;
; L1       ;            ; --             ; VCCA_FPLL                       ; power  ;              ; 2.5V                ; --           ;                 ; --       ; --           ;
; L2       ;            ;                ; GND                             ; gnd    ;              ;                     ; --           ;                 ; --       ; --           ;
; L3       ;            ;                ; GND                             ; gnd    ;              ;                     ; --           ;                 ; --       ; --           ;
; L4       ;            ; --             ; VCC                             ; power  ;              ; 1.1V                ; --           ;                 ; --       ; --           ;
; L5       ;            ;                ; GND                             ; gnd    ;              ;                     ; --           ;                 ; --       ; --           ;
; L6       ;            ; --             ; VCC                             ; power  ;              ; 1.1V                ; --           ;                 ; --       ; --           ;
; L7       ;            ;                ; GND                             ; gnd    ;              ;                     ; --           ;                 ; --       ; --           ;
; L8       ;            ;                ; GND                             ; gnd    ;              ;                     ; --           ;                 ; --       ; --           ;
; L9       ;            ; --             ; VCC_HPS                         ; power  ;              ; 1.1V                ; --           ;                 ; --       ; --           ;
; L10      ;            ;                ; GND                             ; gnd    ;              ;                     ; --           ;                 ; --       ; --           ;
; L11      ;            ; --             ; VCC_HPS                         ; power  ;              ; 1.1V                ; --           ;                 ; --       ; --           ;
; L12      ;            ;                ; GND                             ; gnd    ;              ;                     ; --           ;                 ; --       ; --           ;
; L13      ;            ; 6A             ; VCCIO6A_HPS                     ; power  ;              ; 2.5V                ; --           ;                 ; --       ; --           ;
; L14      ;            ;                ; GND                             ; gnd    ;              ;                     ; --           ;                 ; --       ; --           ;
; L15      ; 332        ; 6A             ; RESERVED_INPUT_WITH_WEAK_PULLUP ;        ;              ;                     ; Row I/O      ;                 ; no       ; On           ;
; L16      ; 314        ; 6A             ; RESERVED_INPUT_WITH_WEAK_PULLUP ;        ;              ;                     ; Row I/O      ;                 ; no       ; On           ;
; L17      ;            ; 6A, 6B         ; VCCPD6A6B_HPS                   ; power  ;              ; 2.5V                ; --           ;                 ; --       ; --           ;
; L18      ; 312        ; 6A             ; RESERVED_INPUT_WITH_WEAK_PULLUP ;        ;              ;                     ; Row I/O      ;                 ; no       ; On           ;
; L19      ;            ; 6A             ; VCCIO6A_HPS                     ; power  ;              ; 2.5V                ; --           ;                 ; --       ; --           ;
; L20      ; 333        ; 6A             ; RESERVED_INPUT_WITH_WEAK_PULLUP ;        ;              ;                     ; Row I/O      ;                 ; no       ; On           ;
; L21      ; 341        ; 6A             ; RESERVED_INPUT_WITH_WEAK_PULLUP ;        ;              ;                     ; Row I/O      ;                 ; no       ; On           ;
; L22      ; 329        ; 6A             ; RESERVED_INPUT_WITH_WEAK_PULLUP ;        ;              ;                     ; Row I/O      ;                 ; no       ; On           ;
; M1       ;            ;                ; GND                             ; gnd    ;              ;                     ; --           ;                 ; --       ; --           ;
; M2       ;            ;                ; GND                             ; gnd    ;              ;                     ; --           ;                 ; --       ; --           ;
; M3       ;            ; --             ; VCC                             ; power  ;              ; 1.1V                ; --           ;                 ; --       ; --           ;
; M4       ;            ;                ; GND                             ; gnd    ;              ;                     ; --           ;                 ; --       ; --           ;
; M5       ;            ; --             ; VCC                             ; power  ;              ; 1.1V                ; --           ;                 ; --       ; --           ;
; M6       ;            ;                ; GND                             ; gnd    ;              ;                     ; --           ;                 ; --       ; --           ;
; M7       ;            ; --             ; VCC                             ; power  ;              ; 1.1V                ; --           ;                 ; --       ; --           ;
; M8       ;            ; --             ; VCC                             ; power  ;              ; 1.1V                ; --           ;                 ; --       ; --           ;
; M9       ;            ;                ; GND                             ; gnd    ;              ;                     ; --           ;                 ; --       ; --           ;
; M10      ;            ; --             ; VCC_HPS                         ; power  ;              ; 1.1V                ; --           ;                 ; --       ; --           ;
; M11      ;            ;                ; GND                             ; gnd    ;              ;                     ; --           ;                 ; --       ; --           ;
; M12      ;            ; --             ; VCC_HPS                         ; power  ;              ; 1.1V                ; --           ;                 ; --       ; --           ;
; M13      ; 318        ; 6A             ; RESERVED_INPUT_WITH_WEAK_PULLUP ;        ;              ;                     ; Row I/O      ;                 ; no       ; On           ;
; M14      ; 316        ; 6A             ; RESERVED_INPUT_WITH_WEAK_PULLUP ;        ;              ;                     ; Row I/O      ;                 ; no       ; On           ;
; M15      ; 284        ; 6B             ; RESERVED_INPUT_WITH_WEAK_PULLUP ;        ;              ;                     ; Row I/O      ;                 ; no       ; On           ;
; M16      ;            ; 6B             ; VCCIO6B_HPS                     ; power  ;              ; 2.5V                ; --           ;                 ; --       ; --           ;
; M17      ; 306        ; 6B             ; RESERVED_INPUT_WITH_WEAK_PULLUP ;        ;              ;                     ; Row I/O      ;                 ; no       ; On           ;
; M18      ;            ; 6A, 6B         ; VCCPD6A6B_HPS                   ; power  ;              ; 2.5V                ; --           ;                 ; --       ; --           ;
; M19      ; 304        ; 6B             ; RESERVED_INPUT_WITH_WEAK_PULLUP ;        ;              ;                     ; Row I/O      ;                 ; no       ; On           ;
; M20      ; 337        ; 6A             ; RESERVED_INPUT_WITH_WEAK_PULLUP ;        ;              ;                     ; Row I/O      ;                 ; no       ; On           ;
; M21      ;            ;                ; GND                             ; gnd    ;              ;                     ; --           ;                 ; --       ; --           ;
; M22      ; 325        ; 6A             ; RESERVED_INPUT_WITH_WEAK_PULLUP ;        ;              ;                     ; Row I/O      ;                 ; no       ; On           ;
; N1       ;            ;                ; GND                             ; gnd    ;              ;                     ; --           ;                 ; --       ; --           ;
; N2       ;            ;                ; GND                             ; gnd    ;              ;                     ; --           ;                 ; --       ; --           ;
; N3       ;            ;                ; GND                             ; gnd    ;              ;                     ; --           ;                 ; --       ; --           ;
; N4       ;            ; --             ; VCC                             ; power  ;              ; 1.1V                ; --           ;                 ; --       ; --           ;
; N5       ;            ;                ; GND                             ; gnd    ;              ;                     ; --           ;                 ; --       ; --           ;
; N6       ;            ; --             ; VCC                             ; power  ;              ; 1.1V                ; --           ;                 ; --       ; --           ;
; N7       ;            ;                ; GND                             ; gnd    ;              ;                     ; --           ;                 ; --       ; --           ;
; N8       ;            ;                ; GND                             ; gnd    ;              ;                     ; --           ;                 ; --       ; --           ;
; N9       ;            ; --             ; VCC_HPS                         ; power  ;              ; 1.1V                ; --           ;                 ; --       ; --           ;
; N10      ;            ;                ; GND                             ; gnd    ;              ;                     ; --           ;                 ; --       ; --           ;
; N11      ;            ; --             ; VCC_HPS                         ; power  ;              ; 1.1V                ; --           ;                 ; --       ; --           ;
; N12      ;            ;                ; GND                             ; gnd    ;              ;                     ; --           ;                 ; --       ; --           ;
; N13      ;            ; 6B             ; VCCIO6B_HPS                     ; power  ;              ; 2.5V                ; --           ;                 ; --       ; --           ;
; N14      ; 300        ; 6B             ; RESERVED_INPUT_WITH_WEAK_PULLUP ;        ;              ;                     ; Row I/O      ;                 ; no       ; On           ;
; N15      ; 286        ; 6B             ; RESERVED_INPUT_WITH_WEAK_PULLUP ;        ;              ;                     ; Row I/O      ;                 ; no       ; On           ;
; N16      ; 296        ; 6B             ; RESERVED_INPUT_WITH_WEAK_PULLUP ;        ;              ;                     ; Row I/O      ;                 ; no       ; On           ;
; N17      ; 290        ; 6B             ; RESERVED_INPUT_WITH_WEAK_PULLUP ;        ;              ;                     ; Row I/O      ;                 ; no       ; On           ;
; N18      ;            ;                ; GND                             ; gnd    ;              ;                     ; --           ;                 ; --       ; --           ;
; N19      ; 331        ; 6A             ; RESERVED_INPUT_WITH_WEAK_PULLUP ;        ;              ;                     ; Row I/O      ;                 ; no       ; On           ;
; N20      ; 319        ; 6A             ; RESERVED_INPUT_WITH_WEAK_PULLUP ;        ;              ;                     ; Row I/O      ;                 ; no       ; On           ;
; N21      ; 321        ; 6A             ; RESERVED_INPUT_WITH_WEAK_PULLUP ;        ;              ;                     ; Row I/O      ;                 ; no       ; On           ;
; N22      ; 327        ; 6A             ; RESERVED_INPUT_WITH_WEAK_PULLUP ;        ;              ;                     ; Row I/O      ;                 ; no       ; On           ;
; P1       ;            ; --             ; VCCA_FPLL                       ; power  ;              ; 2.5V                ; --           ;                 ; --       ; --           ;
; P2       ;            ;                ; GND                             ; gnd    ;              ;                     ; --           ;                 ; --       ; --           ;
; P3       ;            ; --             ; VCC                             ; power  ;              ; 1.1V                ; --           ;                 ; --       ; --           ;
; P4       ;            ;                ; GND                             ; gnd    ;              ;                     ; --           ;                 ; --       ; --           ;
; P5       ;            ; --             ; VCC                             ; power  ;              ; 1.1V                ; --           ;                 ; --       ; --           ;
; P6       ;            ;                ; GND                             ; gnd    ;              ;                     ; --           ;                 ; --       ; --           ;
; P7       ;            ; --             ; VCC                             ; power  ;              ; 1.1V                ; --           ;                 ; --       ; --           ;
; P8       ;            ; --             ; VCC                             ; power  ;              ; 1.1V                ; --           ;                 ; --       ; --           ;
; P9       ;            ;                ; GND                             ; gnd    ;              ;                     ; --           ;                 ; --       ; --           ;
; P10      ;            ; --             ; VCC_HPS                         ; power  ;              ; 1.1V                ; --           ;                 ; --       ; --           ;
; P11      ;            ;                ; GND                             ; gnd    ;              ;                     ; --           ;                 ; --       ; --           ;
; P12      ;            ; --             ; VCC_HPS                         ; power  ;              ; 1.1V                ; --           ;                 ; --       ; --           ;
; P13      ;            ;                ; GND                             ; gnd    ;              ;                     ; --           ;                 ; --       ; --           ;
; P14      ; 302        ; 6B             ; RESERVED_INPUT_WITH_WEAK_PULLUP ;        ;              ;                     ; Row I/O      ;                 ; no       ; On           ;
; P15      ;            ;                ; GND                             ; gnd    ;              ;                     ; --           ;                 ; --       ; --           ;
; P16      ; 298        ; 6B             ; RESERVED_INPUT_WITH_WEAK_PULLUP ;        ;              ;                     ; Row I/O      ;                 ; no       ; On           ;
; P17      ;            ; --             ; VCC                             ; power  ;              ; 1.1V                ; --           ;                 ; --       ; --           ;
; P18      ; 280        ; 6B             ; RESERVED_INPUT_WITH_WEAK_PULLUP ;        ;              ;                     ; Row I/O      ;                 ; no       ; On           ;
; P19      ; 282        ; 6B             ; RESERVED_INPUT_WITH_WEAK_PULLUP ;        ;              ;                     ; Row I/O      ;                 ; no       ; On           ;
; P20      ;            ; 6B             ; VCCIO6B_HPS                     ; power  ;              ; 2.5V                ; --           ;                 ; --       ; --           ;
; P21      ; 311        ; 6A             ; RESERVED_INPUT_WITH_WEAK_PULLUP ;        ;              ;                     ; Row I/O      ;                 ; no       ; On           ;
; P22      ; 313        ; 6A             ; RESERVED_INPUT_WITH_WEAK_PULLUP ;        ;              ;                     ; Row I/O      ;                 ; no       ; On           ;
; R1       ;            ;                ; GND                             ; gnd    ;              ;                     ; --           ;                 ; --       ; --           ;
; R2       ;            ;                ; GND                             ; gnd    ;              ;                     ; --           ;                 ; --       ; --           ;
; R3       ;            ;                ; GND                             ; gnd    ;              ;                     ; --           ;                 ; --       ; --           ;
; R4       ;            ; --             ; VCC                             ; power  ;              ; 1.1V                ; --           ;                 ; --       ; --           ;
; R5       ;            ;                ; GND                             ; gnd    ;              ;                     ; --           ;                 ; --       ; --           ;
; R6       ;            ; --             ; VCC                             ; power  ;              ; 1.1V                ; --           ;                 ; --       ; --           ;
; R7       ;            ;                ; GND                             ; gnd    ;              ;                     ; --           ;                 ; --       ; --           ;
; R8       ;            ; --             ; VCC                             ; power  ;              ; 1.1V                ; --           ;                 ; --       ; --           ;
; R9       ;            ;                ; GND                             ; gnd    ;              ;                     ; --           ;                 ; --       ; --           ;
; R10      ;            ;                ; NC                              ;        ;              ;                     ; --           ;                 ; --       ; --           ;
; R11      ;            ;                ; NC                              ;        ;              ;                     ; --           ;                 ; --       ; --           ;
; R12      ;            ;                ; GND                             ; gnd    ;              ;                     ; --           ;                 ; --       ; --           ;
; R13      ;            ; --             ; VCC_HPS                         ; power  ;              ; 1.1V                ; --           ;                 ; --       ; --           ;
; R14      ;            ;                ; GND                             ; gnd    ;              ;                     ; --           ;                 ; --       ; --           ;
; R15      ; 288        ; 6B             ; RESERVED_INPUT_WITH_WEAK_PULLUP ;        ;              ;                     ; Row I/O      ;                 ; no       ; On           ;
; R16      ;            ;                ; GND                             ; gnd    ;              ;                     ; --           ;                 ; --       ; --           ;
; R17      ;            ; 6B             ; VCCIO6B_HPS                     ; power  ;              ; 2.5V                ; --           ;                 ; --       ; --           ;
; R18      ; 277        ; 6B             ; RESERVED_INPUT_WITH_WEAK_PULLUP ;        ;              ;                     ; Row I/O      ;                 ; no       ; On           ;
; R19      ; 305        ; 6B             ; RESERVED_INPUT_WITH_WEAK_PULLUP ;        ;              ;                     ; Row I/O      ;                 ; no       ; On           ;
; R20      ; 295        ; 6B             ; RESERVED_INPUT_WITH_WEAK_PULLUP ;        ;              ;                     ; Row I/O      ;                 ; no       ; On           ;
; R21      ; 317        ; 6A             ; RESERVED_INPUT_WITH_WEAK_PULLUP ;        ;              ;                     ; Row I/O      ;                 ; no       ; On           ;
; R22      ;            ;                ; GND                             ; gnd    ;              ;                     ; --           ;                 ; --       ; --           ;
; T1       ;            ;                ; GND                             ; gnd    ;              ;                     ; --           ;                 ; --       ; --           ;
; T2       ;            ;                ; GND                             ; gnd    ;              ;                     ; --           ;                 ; --       ; --           ;
; T3       ;            ; --             ; VCC                             ; power  ;              ; 1.1V                ; --           ;                 ; --       ; --           ;
; T4       ;            ;                ; GND                             ; gnd    ;              ;                     ; --           ;                 ; --       ; --           ;
; T5       ;            ; --             ; VCC                             ; power  ;              ; 1.1V                ; --           ;                 ; --       ; --           ;
; T6       ;            ;                ; GND                             ; gnd    ;              ;                     ; --           ;                 ; --       ; --           ;
; T7       ;            ; --             ; VCC                             ; power  ;              ; 1.1V                ; --           ;                 ; --       ; --           ;
; T8       ;            ;                ; GND                             ; gnd    ;              ;                     ; --           ;                 ; --       ; --           ;
; T9       ;            ;                ; NC                              ;        ;              ;                     ; --           ;                 ; --       ; --           ;
; T10      ;            ;                ; NC                              ;        ;              ;                     ; --           ;                 ; --       ; --           ;
; T11      ;            ;                ; NC                              ;        ;              ;                     ; --           ;                 ; --       ; --           ;
; T12      ;            ;                ; NC                              ;        ;              ;                     ; --           ;                 ; --       ; --           ;
; T13      ;            ;                ; GND                             ; gnd    ;              ;                     ; --           ;                 ; --       ; --           ;
; T14      ;            ; 6B             ; VCCIO6B_HPS                     ; power  ;              ; 2.5V                ; --           ;                 ; --       ; --           ;
; T15      ;            ;                ; GND                             ; gnd    ;              ;                     ; --           ;                 ; --       ; --           ;
; T16      ;            ; 5A             ; VCCPD5A                         ; power  ;              ; 2.5V                ; --           ;                 ; --       ; --           ;
; T17      ; 279        ; 6B             ; RESERVED_INPUT_WITH_WEAK_PULLUP ;        ;              ;                     ; Row I/O      ;                 ; no       ; On           ;
; T18      ; 281        ; 6B             ; RESERVED_INPUT_WITH_WEAK_PULLUP ;        ;              ;                     ; Row I/O      ;                 ; no       ; On           ;
; T19      ;            ;                ; GND                             ; gnd    ;              ;                     ; --           ;                 ; --       ; --           ;
; T20      ; 289        ; 6B             ; RESERVED_INPUT_WITH_WEAK_PULLUP ;        ;              ;                     ; Row I/O      ;                 ; no       ; On           ;
; T21      ; 315        ; 6A             ; RESERVED_INPUT_WITH_WEAK_PULLUP ;        ;              ;                     ; Row I/O      ;                 ; no       ; On           ;
; T22      ; 309        ; 6A             ; RESERVED_INPUT_WITH_WEAK_PULLUP ;        ;              ;                     ; Row I/O      ;                 ; no       ; On           ;
; U1       ;            ; --             ; VCCA_FPLL                       ; power  ;              ; 2.5V                ; --           ;                 ; --       ; --           ;
; U2       ;            ;                ; GND                             ; gnd    ;              ;                     ; --           ;                 ; --       ; --           ;
; U3       ;            ;                ; GND                             ; gnd    ;              ;                     ; --           ;                 ; --       ; --           ;
; U4       ; 42         ; 3A             ; #TDO                            ; output ;              ;                     ; --           ;                 ; --       ; --           ;
; U5       ;            ;                ; GND                             ; gnd    ;              ;                     ; --           ;                 ; --       ; --           ;
; U6       ; 58         ; 3A             ; seven_segment_display_five[6]   ; output ; 2.5 V        ;                     ; Column I/O   ; N               ; no       ; Off          ;
; U7       ; 62         ; 3A             ; seven_segment_display_five[4]   ; output ; 2.5 V        ;                     ; Column I/O   ; N               ; no       ; Off          ;
; U8       ;            ;                ; GND                             ; gnd    ;              ;                     ; --           ;                 ; --       ; --           ;
; U9       ;            ;                ; GND                             ; gnd    ;              ;                     ; --           ;                 ; --       ; --           ;
; U10      ; 114        ; 3B             ; seven_segment_display_five[1]   ; output ; 2.5 V        ;                     ; Column I/O   ; N               ; no       ; Off          ;
; U11      ;            ;                ; GND                             ; gnd    ;              ;                     ; --           ;                 ; --       ; --           ;
; U12      ;            ;                ; GND                             ; gnd    ;              ;                     ; --           ;                 ; --       ; --           ;
; U13      ;            ;                ; GND                             ; gnd    ;              ;                     ; --           ;                 ; --       ; --           ;
; U14      ;            ;                ; GND                             ; gnd    ;              ;                     ; --           ;                 ; --       ; --           ;
; U15      ;            ;                ; GND                             ; gnd    ;              ;                     ; --           ;                 ; --       ; --           ;
; U16      ;            ;                ; GND                             ; gnd    ;              ;                     ; --           ;                 ; --       ; --           ;
; U17      ; 223        ; 5A             ; negative                        ; output ; 2.5 V        ;                     ; Row I/O      ; N               ; no       ; Off          ;
; U18      ; 217        ; 5A             ; seven_segment_display_five[2]   ; output ; 2.5 V        ;                     ; Row I/O      ; N               ; no       ; Off          ;
; U19      ; 293        ; 6B             ; RESERVED_INPUT_WITH_WEAK_PULLUP ;        ;              ;                     ; Row I/O      ;                 ; no       ; On           ;
; U20      ; 283        ; 6B             ; RESERVED_INPUT_WITH_WEAK_PULLUP ;        ;              ;                     ; Row I/O      ;                 ; --       ; --           ;
; U21      ;            ; 6B             ; VCCIO6B_HPS                     ; power  ;              ; 2.5V                ; --           ;                 ; --       ; --           ;
; U22      ; 303        ; 6B             ; RESERVED_INPUT_WITH_WEAK_PULLUP ;        ;              ;                     ; Row I/O      ;                 ; no       ; On           ;
; V1       ;            ;                ; GND                             ; gnd    ;              ;                     ; --           ;                 ; --       ; --           ;
; V2       ; 44         ; 3A             ; #TMS                            ; input  ;              ;                     ; --           ;                 ; --       ; --           ;
; V3       ;            ;                ; GND                             ; gnd    ;              ;                     ; --           ;                 ; --       ; --           ;
; V4       ; 50         ; 3A             ; ^DCLK                           ;        ;              ;                     ; Weak Pull Up ;                 ; --       ; On           ;
; V5       ; 56         ; 3A             ; seven_segment_display_six[3]    ; output ; 2.5 V        ;                     ; Column I/O   ; N               ; no       ; Off          ;
; V6       ; 66         ; 3A             ; seven_segment_display_four[1]   ; output ; 2.5 V        ;                     ; Column I/O   ; N               ; no       ; Off          ;
; V7       ; 60         ; 3A             ; seven_segment_display_six[6]    ; output ; 2.5 V        ;                     ; Column I/O   ; N               ; no       ; Off          ;
; V8       ;            ;                ; GND                             ; gnd    ;              ;                     ; --           ;                 ; --       ; --           ;
; V9       ; 67         ; 3A             ; operand_b_is_negative           ; output ; 2.5 V        ;                     ; Column I/O   ; N               ; no       ; Off          ;
; V10      ; 112        ; 3B             ; display_toggle_button           ; input  ; 2.5 V        ;                     ; Column I/O   ; N               ; no       ; Off          ;
; V11      ; 138        ; 4A             ; seven_segment_display_two[1]    ; output ; 2.5 V        ;                     ; Column I/O   ; N               ; no       ; Off          ;
; V12      ;            ; 3B, 4A         ; VCCPD3B4A                       ; power  ;              ; 2.5V                ; --           ;                 ; --       ; --           ;
; V13      ;            ;                ; GND                             ; gnd    ;              ;                     ; --           ;                 ; --       ; --           ;
; V14      ;            ; 3B, 4A         ; VCCPD3B4A                       ; power  ;              ; 2.5V                ; --           ;                 ; --       ; --           ;
; V15      ; 225        ; 5A             ; carry                           ; output ; 2.5 V        ;                     ; Row I/O      ; N               ; no       ; Off          ;
; V16      ; 221        ; 5A             ; seven_segment_display_four[2]   ; output ; 2.5 V        ;                     ; Row I/O      ; N               ; no       ; Off          ;
; V17      ; 213        ; 5A             ; seven_segment_display_one[2]    ; output ; 2.5 V        ;                     ; Row I/O      ; N               ; no       ; Off          ;
; V18      ;            ; 5A             ; VCCIO5A                         ; power  ;              ; 2.5V                ; --           ;                 ; --       ; --           ;
; V19      ; 219        ; 5A             ; seven_segment_display_four[5]   ; output ; 2.5 V        ;                     ; Row I/O      ; N               ; no       ; Off          ;
; V20      ; 224        ; 5A             ; seven_segment_display_three[0]  ; output ; 2.5 V        ;                     ; Row I/O      ; N               ; no       ; Off          ;
; V21      ; 297        ; 6B             ; RESERVED_INPUT_WITH_WEAK_PULLUP ;        ;              ;                     ; Row I/O      ;                 ; no       ; On           ;
; V22      ; 287        ; 6B             ; RESERVED_INPUT_WITH_WEAK_PULLUP ;        ;              ;                     ; Row I/O      ;                 ; no       ; On           ;
; W1       ;            ; --             ; VCCA_FPLL                       ; power  ;              ; 2.5V                ; --           ;                 ; --       ; --           ;
; W2       ;            ;                ; DNU                             ;        ;              ;                     ; --           ;                 ; --       ; --           ;
; W3       ; 46         ; 3A             ; #TCK                            ; input  ;              ;                     ; --           ;                 ; --       ; --           ;
; W4       ; 48         ; 3A             ; #TDI                            ; input  ;              ;                     ; --           ;                 ; --       ; --           ;
; W5       ;            ; 3A             ; VCCIO3A                         ; power  ;              ; 2.5V                ; --           ;                 ; --       ; --           ;
; W6       ; 54         ; 3A             ; seven_segment_display_four[3]   ; output ; 2.5 V        ;                     ; Column I/O   ; N               ; no       ; Off          ;
; W7       ; 64         ; 3A             ; seven_segment_display_six[1]    ; output ; 2.5 V        ;                     ; Column I/O   ; N               ; no       ; Off          ;
; W8       ; 65         ; 3A             ; seven_segment_display_four[0]   ; output ; 2.5 V        ;                     ; Column I/O   ; N               ; no       ; Off          ;
; W9       ;            ; 3B, 4A         ; VCCPD3B4A                       ; power  ;              ; 2.5V                ; --           ;                 ; --       ; --           ;
; W10      ;            ;                ; GND                             ; gnd    ;              ;                     ; --           ;                 ; --       ; --           ;
; W11      ; 136        ; 4A             ; seven_segment_display_two[5]    ; output ; 2.5 V        ;                     ; Column I/O   ; N               ; no       ; Off          ;
; W12      ; 162        ; 4A             ; seven_segment_display_three[2]  ; output ; 2.5 V        ;                     ; Column I/O   ; N               ; no       ; Off          ;
; W13      ;            ; 3B, 4A         ; VCCPD3B4A                       ; power  ;              ; 2.5V                ; --           ;                 ; --       ; --           ;
; W14      ; 146        ; 4A             ; control[0]                      ; input  ; 2.5 V        ;                     ; Column I/O   ; N               ; no       ; Off          ;
; W15      ;            ;                ; GND                             ; gnd    ;              ;                     ; --           ;                 ; --       ; --           ;
; W16      ; 227        ; 5A             ; result_is_negative              ; output ; 2.5 V        ;                     ; Row I/O      ; N               ; no       ; Off          ;
; W17      ;            ; --             ; VCCA_FPLL                       ; power  ;              ; 2.5V                ; --           ;                 ; --       ; --           ;
; W18      ; 215        ; 5A             ; seven_segment_display_one[5]    ; output ; 2.5 V        ;                     ; Row I/O      ; N               ; no       ; Off          ;
; W19      ;            ; 5A             ; VREFB5AN0                       ; power  ;              ;                     ; --           ;                 ; --       ; --           ;
; W20      ;            ;                ; GND                             ; gnd    ;              ;                     ; --           ;                 ; --       ; --           ;
; W21      ; 226        ; 5A             ; seven_segment_display_six[0]    ; output ; 2.5 V        ;                     ; Row I/O      ; N               ; no       ; Off          ;
; W22      ; 301        ; 6B             ; RESERVED_INPUT_WITH_WEAK_PULLUP ;        ;              ;                     ; Row I/O      ;                 ; no       ; On           ;
; Y1       ;            ;                ; GND                             ; gnd    ;              ;                     ; --           ;                 ; --       ; --           ;
; Y2       ;            ;                ; GND                             ; gnd    ;              ;                     ; --           ;                 ; --       ; --           ;
; Y3       ; 47         ; 3A             ; ^AS_DATA2, DATA2                ;        ;              ;                     ; Weak Pull Up ;                 ; --       ; On           ;
; Y4       ;            ; --             ; VCCPGM                          ; power  ;              ; 1.8V/2.5V/3.0V/3.3V ; --           ;                 ; --       ; --           ;
; Y5       ; 52         ; 3A             ; seven_segment_display_six[4]    ; output ; 2.5 V        ;                     ; Column I/O   ; N               ; no       ; Off          ;
; Y6       ;            ; 3A             ; VCCPD3A                         ; power  ;              ; 2.5V                ; --           ;                 ; --       ; --           ;
; Y7       ;            ;                ; GND                             ; gnd    ;              ;                     ; --           ;                 ; --       ; --           ;
; Y8       ; 63         ; 3A             ; seven_segment_display_five[5]   ; output ; 2.5 V        ;                     ; Column I/O   ; N               ; no       ; Off          ;
; Y9       ;            ;                ; DNU                             ;        ;              ;                     ; --           ;                 ; --       ; --           ;
; Y10      ;            ; --             ; VCC_AUX                         ; power  ;              ; 2.5V                ; --           ;                 ; --       ; --           ;
; Y11      ; 134        ; 4A             ; seven_segment_display_five[3]   ; output ; 2.5 V        ;                     ; Column I/O   ; N               ; no       ; Off          ;
; Y12      ;            ; 4A             ; VCCIO4A                         ; power  ;              ; 2.5V                ; --           ;                 ; --       ; --           ;
; Y13      ; 160        ; 4A             ; seven_segment_display_three[1]  ; output ; 2.5 V        ;                     ; Column I/O   ; N               ; no       ; Off          ;
; Y14      ; 144        ; 4A             ; control[1]                      ; input  ; 2.5 V        ;                     ; Column I/O   ; N               ; no       ; Off          ;
; Y15      ; 191        ; 4A             ; seven_segment_display_three[6]  ; output ; 2.5 V        ;                     ; Column I/O   ; N               ; no       ; Off          ;
; Y16      ; 189        ; 4A             ; seven_segment_display_one[0]    ; output ; 2.5 V        ;                     ; Column I/O   ; N               ; no       ; Off          ;
; Y17      ;            ;                ; GND                             ; gnd    ;              ;                     ; --           ;                 ; --       ; --           ;
; Y18      ;            ; --             ; VCCPGM                          ; power  ;              ; 1.8V/2.5V/3.0V/3.3V ; --           ;                 ; --       ; --           ;
; Y19      ; 212        ; 5A             ; seven_segment_display_one[3]    ; output ; 2.5 V        ;                     ; Row I/O      ; N               ; no       ; Off          ;
; Y20      ; 214        ; 5A             ; seven_segment_display_two[0]    ; output ; 2.5 V        ;                     ; Row I/O      ; N               ; no       ; Off          ;
; Y21      ; 218        ; 5A             ; seven_segment_display_five[0]   ; output ; 2.5 V        ;                     ; Row I/O      ; N               ; no       ; Off          ;
; Y22      ;            ; 5A             ; VCCIO5A                         ; power  ;              ; 2.5V                ; --           ;                 ; --       ; --           ;
+----------+------------+----------------+---------------------------------+--------+--------------+---------------------+--------------+-----------------+----------+--------------+
Note: Pin directions (input, output or bidir) are based on device operating in user mode.


+----------------------------------------------------------------+
; I/O Assignment Warnings                                        ;
+--------------------------------+-------------------------------+
; Pin Name                       ; Reason                        ;
+--------------------------------+-------------------------------+
; seven_segment_display_one[0]   ; Incomplete set of assignments ;
; seven_segment_display_one[1]   ; Incomplete set of assignments ;
; seven_segment_display_one[2]   ; Incomplete set of assignments ;
; seven_segment_display_one[3]   ; Incomplete set of assignments ;
; seven_segment_display_one[4]   ; Incomplete set of assignments ;
; seven_segment_display_one[5]   ; Incomplete set of assignments ;
; seven_segment_display_one[6]   ; Incomplete set of assignments ;
; seven_segment_display_two[0]   ; Incomplete set of assignments ;
; seven_segment_display_two[1]   ; Incomplete set of assignments ;
; seven_segment_display_two[2]   ; Incomplete set of assignments ;
; seven_segment_display_two[3]   ; Incomplete set of assignments ;
; seven_segment_display_two[4]   ; Incomplete set of assignments ;
; seven_segment_display_two[5]   ; Incomplete set of assignments ;
; seven_segment_display_two[6]   ; Incomplete set of assignments ;
; seven_segment_display_three[0] ; Incomplete set of assignments ;
; seven_segment_display_three[1] ; Incomplete set of assignments ;
; seven_segment_display_three[2] ; Incomplete set of assignments ;
; seven_segment_display_three[3] ; Incomplete set of assignments ;
; seven_segment_display_three[4] ; Incomplete set of assignments ;
; seven_segment_display_three[5] ; Incomplete set of assignments ;
; seven_segment_display_three[6] ; Incomplete set of assignments ;
; seven_segment_display_four[0]  ; Incomplete set of assignments ;
; seven_segment_display_four[1]  ; Incomplete set of assignments ;
; seven_segment_display_four[2]  ; Incomplete set of assignments ;
; seven_segment_display_four[3]  ; Incomplete set of assignments ;
; seven_segment_display_four[4]  ; Incomplete set of assignments ;
; seven_segment_display_four[5]  ; Incomplete set of assignments ;
; seven_segment_display_four[6]  ; Incomplete set of assignments ;
; seven_segment_display_five[0]  ; Incomplete set of assignments ;
; seven_segment_display_five[1]  ; Incomplete set of assignments ;
; seven_segment_display_five[2]  ; Incomplete set of assignments ;
; seven_segment_display_five[3]  ; Incomplete set of assignments ;
; seven_segment_display_five[4]  ; Incomplete set of assignments ;
; seven_segment_display_five[5]  ; Incomplete set of assignments ;
; seven_segment_display_five[6]  ; Incomplete set of assignments ;
; seven_segment_display_six[0]   ; Incomplete set of assignments ;
; seven_segment_display_six[1]   ; Incomplete set of assignments ;
; seven_segment_display_six[2]   ; Incomplete set of assignments ;
; seven_segment_display_six[3]   ; Incomplete set of assignments ;
; seven_segment_display_six[4]   ; Incomplete set of assignments ;
; seven_segment_display_six[5]   ; Incomplete set of assignments ;
; seven_segment_display_six[6]   ; Incomplete set of assignments ;
; zero                           ; Incomplete set of assignments ;
; carry                          ; Incomplete set of assignments ;
; negative                       ; Incomplete set of assignments ;
; overflow                       ; Incomplete set of assignments ;
; operand_a_is_negative          ; Incomplete set of assignments ;
; operand_b_is_negative          ; Incomplete set of assignments ;
; result_is_negative             ; Incomplete set of assignments ;
; control[3]                     ; Incomplete set of assignments ;
; display_toggle_button          ; Incomplete set of assignments ;
; src0[2]                        ; Incomplete set of assignments ;
; src0[1]                        ; Incomplete set of assignments ;
; src0[0]                        ; Incomplete set of assignments ;
; src1[2]                        ; Incomplete set of assignments ;
; src1[0]                        ; Incomplete set of assignments ;
; src1[1]                        ; Incomplete set of assignments ;
; control[1]                     ; Incomplete set of assignments ;
; control[2]                     ; Incomplete set of assignments ;
; control[0]                     ; Incomplete set of assignments ;
; seven_segment_display_one[0]   ; Missing location assignment   ;
; seven_segment_display_one[1]   ; Missing location assignment   ;
; seven_segment_display_one[2]   ; Missing location assignment   ;
; seven_segment_display_one[3]   ; Missing location assignment   ;
; seven_segment_display_one[4]   ; Missing location assignment   ;
; seven_segment_display_one[5]   ; Missing location assignment   ;
; seven_segment_display_one[6]   ; Missing location assignment   ;
; seven_segment_display_two[0]   ; Missing location assignment   ;
; seven_segment_display_two[1]   ; Missing location assignment   ;
; seven_segment_display_two[2]   ; Missing location assignment   ;
; seven_segment_display_two[3]   ; Missing location assignment   ;
; seven_segment_display_two[4]   ; Missing location assignment   ;
; seven_segment_display_two[5]   ; Missing location assignment   ;
; seven_segment_display_two[6]   ; Missing location assignment   ;
; seven_segment_display_three[0] ; Missing location assignment   ;
; seven_segment_display_three[1] ; Missing location assignment   ;
; seven_segment_display_three[2] ; Missing location assignment   ;
; seven_segment_display_three[3] ; Missing location assignment   ;
; seven_segment_display_three[4] ; Missing location assignment   ;
; seven_segment_display_three[5] ; Missing location assignment   ;
; seven_segment_display_three[6] ; Missing location assignment   ;
; seven_segment_display_four[0]  ; Missing location assignment   ;
; seven_segment_display_four[1]  ; Missing location assignment   ;
; seven_segment_display_four[2]  ; Missing location assignment   ;
; seven_segment_display_four[3]  ; Missing location assignment   ;
; seven_segment_display_four[4]  ; Missing location assignment   ;
; seven_segment_display_four[5]  ; Missing location assignment   ;
; seven_segment_display_four[6]  ; Missing location assignment   ;
; seven_segment_display_five[0]  ; Missing location assignment   ;
; seven_segment_display_five[1]  ; Missing location assignment   ;
; seven_segment_display_five[2]  ; Missing location assignment   ;
; seven_segment_display_five[3]  ; Missing location assignment   ;
; seven_segment_display_five[4]  ; Missing location assignment   ;
; seven_segment_display_five[5]  ; Missing location assignment   ;
; seven_segment_display_five[6]  ; Missing location assignment   ;
; seven_segment_display_six[0]   ; Missing location assignment   ;
; seven_segment_display_six[1]   ; Missing location assignment   ;
; seven_segment_display_six[2]   ; Missing location assignment   ;
; seven_segment_display_six[3]   ; Missing location assignment   ;
; seven_segment_display_six[4]   ; Missing location assignment   ;
; seven_segment_display_six[5]   ; Missing location assignment   ;
; seven_segment_display_six[6]   ; Missing location assignment   ;
; zero                           ; Missing location assignment   ;
; carry                          ; Missing location assignment   ;
; negative                       ; Missing location assignment   ;
; overflow                       ; Missing location assignment   ;
; operand_a_is_negative          ; Missing location assignment   ;
; operand_b_is_negative          ; Missing location assignment   ;
; result_is_negative             ; Missing location assignment   ;
; control[3]                     ; Missing location assignment   ;
; display_toggle_button          ; Missing location assignment   ;
; src0[2]                        ; Missing location assignment   ;
; src0[1]                        ; Missing location assignment   ;
; src0[0]                        ; Missing location assignment   ;
; src1[2]                        ; Missing location assignment   ;
; src1[0]                        ; Missing location assignment   ;
; src1[1]                        ; Missing location assignment   ;
; control[1]                     ; Missing location assignment   ;
; control[2]                     ; Missing location assignment   ;
; control[0]                     ; Missing location assignment   ;
+--------------------------------+-------------------------------+


+------------------------------------------------------------------------------------------------------------------------------------------------------------------------------------------------------------------------------------------------------------------------------------------------------------------------------------------------------------------------------------------------------------------------------------------------------------------------------------------------------------------------------------------------------------------------------------------------------------------------------------------------------------+
; Fitter Resource Utilization by Entity                                                                                                                                                                                                                                                                                                                                                                                                                                                                                                                                                                                                                      ;
+--------------------------------------------------------------------------------------------------------+----------------------+----------------------------------+---------------------------------------------------+----------------------------------+----------------------+---------------------+---------------------------+---------------+-------------------+-------+------------+------+--------------+--------------------------------------------------------------------------------------------------------------------------------------------------------------+------------------------------------------------------------+--------------+
; Compilation Hierarchy Node                                                                             ; ALMs needed [=A-B+C] ; [A] ALMs used in final placement ; [B] Estimate of ALMs recoverable by dense packing ; [C] Estimate of ALMs unavailable ; ALMs used for memory ; Combinational ALUTs ; Dedicated Logic Registers ; I/O Registers ; Block Memory Bits ; M10Ks ; DSP Blocks ; Pins ; Virtual Pins ; Full Hierarchy Name                                                                                                                                          ; Entity Name                                                ; Library Name ;
+--------------------------------------------------------------------------------------------------------+----------------------+----------------------------------+---------------------------------------------------+----------------------------------+----------------------+---------------------+---------------------------+---------------+-------------------+-------+------------+------+--------------+--------------------------------------------------------------------------------------------------------------------------------------------------------------+------------------------------------------------------------+--------------+
; |top_level                                                                                             ; 148.5 (7.5)          ; 152.5 (8.5)                      ; 4.0 (1.0)                                         ; 0.0 (0.0)                        ; 0.0 (0.0)            ; 239 (13)            ; 0 (0)                     ; 0 (0)         ; 0                 ; 0     ; 0          ; 60   ; 0            ; |top_level                                                                                                                                                   ; top_level                                                  ; work         ;
;    |alu_param:alu_a|                                                                                   ; 11.5 (11.5)          ; 12.0 (12.0)                      ; 0.5 (0.5)                                         ; 0.0 (0.0)                        ; 0.0 (0.0)            ; 17 (17)             ; 0 (0)                     ; 0 (0)         ; 0                 ; 0     ; 0          ; 0    ; 0            ; |top_level|alu_param:alu_a                                                                                                                                   ; alu_param                                                  ; work         ;
;    |alu_param:alu_b|                                                                                   ; 19.5 (19.5)          ; 19.5 (19.5)                      ; 0.0 (0.0)                                         ; 0.0 (0.0)                        ; 0.0 (0.0)            ; 30 (30)             ; 0 (0)                     ; 0 (0)         ; 0                 ; 0     ; 0          ; 0    ; 0            ; |top_level|alu_param:alu_b                                                                                                                                   ; alu_param                                                  ; work         ;
;    |control_logic:ctrl_logic|                                                                          ; 106.5 (44.5)         ; 110.5 (47.5)                     ; 4.0 (3.0)                                         ; 0.0 (0.0)                        ; 0.0 (0.0)            ; 172 (59)            ; 0 (0)                     ; 0 (0)         ; 0                 ; 0     ; 0          ; 0    ; 0            ; |top_level|control_logic:ctrl_logic                                                                                                                          ; control_logic                                              ; work         ;
;       |eight_bit_absolute_value_binary_to_7_segment_BCD_converter:mode_b_concatenated_operand_adapter| ; 24.0 (19.5)          ; 24.5 (19.5)                      ; 0.5 (0.0)                                         ; 0.0 (0.0)                        ; 0.0 (0.0)            ; 47 (37)             ; 0 (0)                     ; 0 (0)         ; 0                 ; 0     ; 0          ; 0    ; 0            ; |top_level|control_logic:ctrl_logic|eight_bit_absolute_value_binary_to_7_segment_BCD_converter:mode_b_concatenated_operand_adapter                           ; eight_bit_absolute_value_binary_to_7_segment_BCD_converter ; work         ;
;          |n_bit_absolute_value:abs8|                                                                   ; 4.5 (4.5)            ; 5.0 (5.0)                        ; 0.5 (0.5)                                         ; 0.0 (0.0)                        ; 0.0 (0.0)            ; 10 (10)             ; 0 (0)                     ; 0 (0)         ; 0                 ; 0     ; 0          ; 0    ; 0            ; |top_level|control_logic:ctrl_logic|eight_bit_absolute_value_binary_to_7_segment_BCD_converter:mode_b_concatenated_operand_adapter|n_bit_absolute_value:abs8 ; n_bit_absolute_value                                       ; work         ;
;       |eight_bit_absolute_value_binary_to_7_segment_BCD_converter:mode_b_multiplexed_operand_adapter|  ; 12.5 (12.5)          ; 13.0 (13.0)                      ; 0.5 (0.5)                                         ; 0.0 (0.0)                        ; 0.0 (0.0)            ; 22 (22)             ; 0 (0)                     ; 0 (0)         ; 0                 ; 0     ; 0          ; 0    ; 0            ; |top_level|control_logic:ctrl_logic|eight_bit_absolute_value_binary_to_7_segment_BCD_converter:mode_b_multiplexed_operand_adapter                            ; eight_bit_absolute_value_binary_to_7_segment_BCD_converter ; work         ;
;       |eight_bit_absolute_value_binary_to_7_segment_BCD_converter:mode_b_result_adapter|               ; 25.5 (21.5)          ; 25.5 (21.5)                      ; 0.0 (0.0)                                         ; 0.0 (0.0)                        ; 0.0 (0.0)            ; 44 (36)             ; 0 (0)                     ; 0 (0)         ; 0                 ; 0     ; 0          ; 0    ; 0            ; |top_level|control_logic:ctrl_logic|eight_bit_absolute_value_binary_to_7_segment_BCD_converter:mode_b_result_adapter                                         ; eight_bit_absolute_value_binary_to_7_segment_BCD_converter ; work         ;
;          |n_bit_absolute_value:abs8|                                                                   ; 4.0 (4.0)            ; 4.0 (4.0)                        ; 0.0 (0.0)                                         ; 0.0 (0.0)                        ; 0.0 (0.0)            ; 8 (8)               ; 0 (0)                     ; 0 (0)         ; 0                 ; 0     ; 0          ; 0    ; 0            ; |top_level|control_logic:ctrl_logic|eight_bit_absolute_value_binary_to_7_segment_BCD_converter:mode_b_result_adapter|n_bit_absolute_value:abs8               ; n_bit_absolute_value                                       ; work         ;
;    |mode_b_constants:constants_bank|                                                                   ; 2.0 (2.0)            ; 2.0 (2.0)                        ; 0.0 (0.0)                                         ; 0.0 (0.0)                        ; 0.0 (0.0)            ; 7 (7)               ; 0 (0)                     ; 0 (0)         ; 0                 ; 0     ; 0          ; 0    ; 0            ; |top_level|mode_b_constants:constants_bank                                                                                                                   ; mode_b_constants                                           ; work         ;
+--------------------------------------------------------------------------------------------------------+----------------------+----------------------------------+---------------------------------------------------+----------------------------------+----------------------+---------------------+---------------------------+---------------+-------------------+-------+------------+------+--------------+--------------------------------------------------------------------------------------------------------------------------------------------------------------+------------------------------------------------------------+--------------+
Note: For table entries with two numbers listed, the numbers in parentheses indicate the number of resources of the given type used by the specific entity alone. The numbers listed outside of parentheses indicate the total resources of the given type used by the specific entity and all of its sub-entities in the hierarchy.


+-----------------------------------------------------------------------------------------------------------------------------------------------+
; Delay Chain Summary                                                                                                                           ;
+--------------------------------+----------+----+------+------+----+------+-------+--------+------------------------+--------------------------+
; Name                           ; Pin Type ; D1 ; D3_0 ; D3_1 ; D4 ; D5   ; D5 OE ; D5 OCT ; T11 (Postamble Gating) ; T11 (Postamble Ungating) ;
+--------------------------------+----------+----+------+------+----+------+-------+--------+------------------------+--------------------------+
; seven_segment_display_one[0]   ; Output   ; -- ; --   ; --   ; -- ; (0)  ; (31)  ; --     ; --                     ; --                       ;
; seven_segment_display_one[1]   ; Output   ; -- ; --   ; --   ; -- ; (0)  ; (31)  ; --     ; --                     ; --                       ;
; seven_segment_display_one[2]   ; Output   ; -- ; --   ; --   ; -- ; (0)  ; (31)  ; --     ; --                     ; --                       ;
; seven_segment_display_one[3]   ; Output   ; -- ; --   ; --   ; -- ; (0)  ; (31)  ; --     ; --                     ; --                       ;
; seven_segment_display_one[4]   ; Output   ; -- ; --   ; --   ; -- ; (0)  ; (31)  ; --     ; --                     ; --                       ;
; seven_segment_display_one[5]   ; Output   ; -- ; --   ; --   ; -- ; (0)  ; (31)  ; --     ; --                     ; --                       ;
; seven_segment_display_one[6]   ; Output   ; -- ; --   ; --   ; -- ; (0)  ; (31)  ; --     ; --                     ; --                       ;
; seven_segment_display_two[0]   ; Output   ; -- ; --   ; --   ; -- ; (0)  ; (31)  ; --     ; --                     ; --                       ;
; seven_segment_display_two[1]   ; Output   ; -- ; --   ; --   ; -- ; (0)  ; (31)  ; --     ; --                     ; --                       ;
; seven_segment_display_two[2]   ; Output   ; -- ; --   ; --   ; -- ; (0)  ; (31)  ; --     ; --                     ; --                       ;
; seven_segment_display_two[3]   ; Output   ; -- ; --   ; --   ; -- ; (0)  ; (31)  ; --     ; --                     ; --                       ;
; seven_segment_display_two[4]   ; Output   ; -- ; --   ; --   ; -- ; (0)  ; (31)  ; --     ; --                     ; --                       ;
; seven_segment_display_two[5]   ; Output   ; -- ; --   ; --   ; -- ; (0)  ; (31)  ; --     ; --                     ; --                       ;
; seven_segment_display_two[6]   ; Output   ; -- ; --   ; --   ; -- ; (0)  ; (31)  ; --     ; --                     ; --                       ;
; seven_segment_display_three[0] ; Output   ; -- ; --   ; --   ; -- ; (0)  ; (31)  ; --     ; --                     ; --                       ;
; seven_segment_display_three[1] ; Output   ; -- ; --   ; --   ; -- ; (0)  ; (31)  ; --     ; --                     ; --                       ;
; seven_segment_display_three[2] ; Output   ; -- ; --   ; --   ; -- ; (0)  ; (31)  ; --     ; --                     ; --                       ;
; seven_segment_display_three[3] ; Output   ; -- ; --   ; --   ; -- ; (0)  ; (31)  ; --     ; --                     ; --                       ;
; seven_segment_display_three[4] ; Output   ; -- ; --   ; --   ; -- ; (0)  ; (31)  ; --     ; --                     ; --                       ;
; seven_segment_display_three[5] ; Output   ; -- ; --   ; --   ; -- ; (0)  ; (31)  ; --     ; --                     ; --                       ;
; seven_segment_display_three[6] ; Output   ; -- ; --   ; --   ; -- ; (0)  ; (31)  ; --     ; --                     ; --                       ;
; seven_segment_display_four[0]  ; Output   ; -- ; --   ; --   ; -- ; (0)  ; (31)  ; --     ; --                     ; --                       ;
; seven_segment_display_four[1]  ; Output   ; -- ; --   ; --   ; -- ; (0)  ; (31)  ; --     ; --                     ; --                       ;
; seven_segment_display_four[2]  ; Output   ; -- ; --   ; --   ; -- ; (0)  ; (31)  ; --     ; --                     ; --                       ;
; seven_segment_display_four[3]  ; Output   ; -- ; --   ; --   ; -- ; (0)  ; (31)  ; --     ; --                     ; --                       ;
; seven_segment_display_four[4]  ; Output   ; -- ; --   ; --   ; -- ; (0)  ; (31)  ; --     ; --                     ; --                       ;
; seven_segment_display_four[5]  ; Output   ; -- ; --   ; --   ; -- ; (0)  ; (31)  ; --     ; --                     ; --                       ;
; seven_segment_display_four[6]  ; Output   ; -- ; --   ; --   ; -- ; (0)  ; (31)  ; --     ; --                     ; --                       ;
; seven_segment_display_five[0]  ; Output   ; -- ; --   ; --   ; -- ; (0)  ; (31)  ; --     ; --                     ; --                       ;
; seven_segment_display_five[1]  ; Output   ; -- ; --   ; --   ; -- ; (0)  ; (31)  ; --     ; --                     ; --                       ;
; seven_segment_display_five[2]  ; Output   ; -- ; --   ; --   ; -- ; (0)  ; (31)  ; --     ; --                     ; --                       ;
; seven_segment_display_five[3]  ; Output   ; -- ; --   ; --   ; -- ; (0)  ; (31)  ; --     ; --                     ; --                       ;
; seven_segment_display_five[4]  ; Output   ; -- ; --   ; --   ; -- ; (0)  ; (31)  ; --     ; --                     ; --                       ;
; seven_segment_display_five[5]  ; Output   ; -- ; --   ; --   ; -- ; (0)  ; (31)  ; --     ; --                     ; --                       ;
; seven_segment_display_five[6]  ; Output   ; -- ; --   ; --   ; -- ; (0)  ; (31)  ; --     ; --                     ; --                       ;
; seven_segment_display_six[0]   ; Output   ; -- ; --   ; --   ; -- ; (0)  ; (31)  ; --     ; --                     ; --                       ;
; seven_segment_display_six[1]   ; Output   ; -- ; --   ; --   ; -- ; (0)  ; (31)  ; --     ; --                     ; --                       ;
; seven_segment_display_six[2]   ; Output   ; -- ; --   ; --   ; -- ; (0)  ; (31)  ; --     ; --                     ; --                       ;
; seven_segment_display_six[3]   ; Output   ; -- ; --   ; --   ; -- ; (0)  ; (31)  ; --     ; --                     ; --                       ;
; seven_segment_display_six[4]   ; Output   ; -- ; --   ; --   ; -- ; (0)  ; (31)  ; --     ; --                     ; --                       ;
; seven_segment_display_six[5]   ; Output   ; -- ; --   ; --   ; -- ; (0)  ; (31)  ; --     ; --                     ; --                       ;
; seven_segment_display_six[6]   ; Output   ; -- ; --   ; --   ; -- ; (0)  ; (31)  ; --     ; --                     ; --                       ;
; zero                           ; Output   ; -- ; --   ; --   ; -- ; (0)  ; (31)  ; --     ; --                     ; --                       ;
; carry                          ; Output   ; -- ; --   ; --   ; -- ; (0)  ; (31)  ; --     ; --                     ; --                       ;
; negative                       ; Output   ; -- ; --   ; --   ; -- ; (0)  ; (31)  ; --     ; --                     ; --                       ;
; overflow                       ; Output   ; -- ; --   ; --   ; -- ; (0)  ; (31)  ; --     ; --                     ; --                       ;
; operand_a_is_negative          ; Output   ; -- ; --   ; --   ; -- ; (0)  ; (31)  ; --     ; --                     ; --                       ;
; operand_b_is_negative          ; Output   ; -- ; --   ; --   ; -- ; (0)  ; (31)  ; --     ; --                     ; --                       ;
; result_is_negative             ; Output   ; -- ; --   ; --   ; -- ; (0)  ; (31)  ; --     ; --                     ; --                       ;
; control[3]                     ; Input    ; -- ; --   ; (0)  ; -- ; --   ; --    ; --     ; --                     ; --                       ;
; display_toggle_button          ; Input    ; -- ; --   ; (0)  ; -- ; --   ; --    ; --     ; --                     ; --                       ;
; src0[2]                        ; Input    ; -- ; (0)  ; --   ; -- ; --   ; --    ; --     ; --                     ; --                       ;
; src0[1]                        ; Input    ; -- ; (0)  ; (0)  ; -- ; --   ; --    ; --     ; --                     ; --                       ;
; src0[0]                        ; Input    ; -- ; (0)  ; (0)  ; -- ; --   ; --    ; --     ; --                     ; --                       ;
; src1[2]                        ; Input    ; -- ; (0)  ; --   ; -- ; --   ; --    ; --     ; --                     ; --                       ;
; src1[0]                        ; Input    ; -- ; (0)  ; --   ; -- ; --   ; --    ; --     ; --                     ; --                       ;
; src1[1]                        ; Input    ; -- ; (0)  ; (0)  ; -- ; --   ; --    ; --     ; --                     ; --                       ;
; control[1]                     ; Input    ; -- ; (0)  ; --   ; -- ; --   ; --    ; --     ; --                     ; --                       ;
; control[2]                     ; Input    ; -- ; (0)  ; (0)  ; -- ; --   ; --    ; --     ; --                     ; --                       ;
; control[0]                     ; Input    ; -- ; (0)  ; --   ; -- ; --   ; --    ; --     ; --                     ; --                       ;
+--------------------------------+----------+----+------+------+----+------+-------+--------+------------------------+--------------------------+


+-----------------------------------------------------------------------------------------------------------------------------------------------------------------------------------------------+
; Pad To Core Delay Chain Fanout                                                                                                                                                                ;
+-----------------------------------------------------------------------------------------------------------------------------------------------------------------+-------------------+---------+
; Source Pin / Fanout                                                                                                                                             ; Pad To Core Index ; Setting ;
+-----------------------------------------------------------------------------------------------------------------------------------------------------------------+-------------------+---------+
; control[3]                                                                                                                                                      ;                   ;         ;
;      - control_logic:ctrl_logic|Mux17~0                                                                                                                         ; 1                 ; 0       ;
;      - control_logic:ctrl_logic|Mux18~0                                                                                                                         ; 1                 ; 0       ;
;      - control_logic:ctrl_logic|Mux2~1                                                                                                                          ; 1                 ; 0       ;
;      - control_logic:ctrl_logic|Mux5~2                                                                                                                          ; 1                 ; 0       ;
;      - control_logic:ctrl_logic|Mux5~0                                                                                                                          ; 1                 ; 0       ;
;      - control_logic:ctrl_logic|Decoder0~0                                                                                                                      ; 1                 ; 0       ;
;      - control_logic:ctrl_logic|Mux6~1                                                                                                                          ; 1                 ; 0       ;
;      - control_logic:ctrl_logic|Mux4~1                                                                                                                          ; 1                 ; 0       ;
;      - control_logic:ctrl_logic|Mux3~1                                                                                                                          ; 1                 ; 0       ;
;      - control_logic:ctrl_logic|Mux1~0                                                                                                                          ; 1                 ; 0       ;
;      - control_logic:ctrl_logic|Mux0~1                                                                                                                          ; 1                 ; 0       ;
;      - control_logic:ctrl_logic|Mux13~0                                                                                                                         ; 1                 ; 0       ;
;      - control_logic:ctrl_logic|Mux12~0                                                                                                                         ; 1                 ; 0       ;
;      - control_logic:ctrl_logic|Mux11~0                                                                                                                         ; 1                 ; 0       ;
;      - control_logic:ctrl_logic|Mux7~0                                                                                                                          ; 1                 ; 0       ;
;      - control_logic:ctrl_logic|Mux9~0                                                                                                                          ; 1                 ; 0       ;
;      - control_logic:ctrl_logic|Mux8~0                                                                                                                          ; 1                 ; 0       ;
;      - control_logic:ctrl_logic|Mux20~0                                                                                                                         ; 1                 ; 0       ;
;      - control_logic:ctrl_logic|Mux16~0                                                                                                                         ; 1                 ; 0       ;
;      - selected_alu_flags~3                                                                                                                                     ; 1                 ; 0       ;
;      - selected_alu_flags~4                                                                                                                                     ; 1                 ; 0       ;
;      - selected_alu_flags~5                                                                                                                                     ; 1                 ; 0       ;
;      - selected_alu_flags~6                                                                                                                                     ; 1                 ; 0       ;
;      - selected_alu_flags~7                                                                                                                                     ; 1                 ; 0       ;
;      - selected_alu_flags~8                                                                                                                                     ; 1                 ; 0       ;
;      - operand_a_is_negative~0                                                                                                                                  ; 1                 ; 0       ;
;      - operand_b_is_negative~0                                                                                                                                  ; 1                 ; 0       ;
;      - control_logic:ctrl_logic|Mux19~0                                                                                                                         ; 1                 ; 0       ;
; display_toggle_button                                                                                                                                           ;                   ;         ;
;      - control_logic:ctrl_logic|Mux17~0                                                                                                                         ; 1                 ; 0       ;
;      - control_logic:ctrl_logic|Mux18~0                                                                                                                         ; 1                 ; 0       ;
;      - control_logic:ctrl_logic|Mux5~0                                                                                                                          ; 1                 ; 0       ;
;      - control_logic:ctrl_logic|Decoder0~0                                                                                                                      ; 1                 ; 0       ;
;      - control_logic:ctrl_logic|Mux1~0                                                                                                                          ; 1                 ; 0       ;
;      - control_logic:ctrl_logic|Mux1~1                                                                                                                          ; 1                 ; 0       ;
;      - control_logic:ctrl_logic|Mux8~0                                                                                                                          ; 1                 ; 0       ;
;      - control_logic:ctrl_logic|Mux8~1                                                                                                                          ; 1                 ; 0       ;
;      - control_logic:ctrl_logic|Mux19~0                                                                                                                         ; 1                 ; 0       ;
;      - control_logic:ctrl_logic|Mux2~1                                                                                                                          ; 1                 ; 0       ;
;      - control_logic:ctrl_logic|Mux5~2                                                                                                                          ; 1                 ; 0       ;
; src0[2]                                                                                                                                                         ;                   ;         ;
;      - alu_param:alu_b|_~21                                                                                                                                     ; 0                 ; 0       ;
;      - alu_param:alu_a|_~1                                                                                                                                      ; 0                 ; 0       ;
;      - control_logic:ctrl_logic|eight_bit_absolute_value_binary_to_7_segment_BCD_converter:mode_b_concatenated_operand_adapter|Add0~22                          ; 0                 ; 0       ;
;      - control_logic:ctrl_logic|eight_bit_absolute_value_binary_to_7_segment_BCD_converter:mode_b_concatenated_operand_adapter|Add0~18                          ; 0                 ; 0       ;
;      - control_logic:ctrl_logic|eight_bit_absolute_value_binary_to_7_segment_BCD_converter:mode_b_concatenated_operand_adapter|Add0~14                          ; 0                 ; 0       ;
;      - control_logic:ctrl_logic|eight_bit_absolute_value_binary_to_7_segment_BCD_converter:mode_b_concatenated_operand_adapter|Add0~10                          ; 0                 ; 0       ;
;      - control_logic:ctrl_logic|eight_bit_absolute_value_binary_to_7_segment_BCD_converter:mode_b_concatenated_operand_adapter|Add1~9                           ; 0                 ; 0       ;
;      - control_logic:ctrl_logic|eight_bit_absolute_value_binary_to_7_segment_BCD_converter:mode_b_concatenated_operand_adapter|Add2~18                          ; 0                 ; 0       ;
;      - control_logic:ctrl_logic|eight_bit_absolute_value_binary_to_7_segment_BCD_converter:mode_b_concatenated_operand_adapter|Add2~1                           ; 0                 ; 0       ;
;      - alu_param:alu_a|Selector0~2                                                                                                                              ; 0                 ; 0       ;
;      - control_logic:ctrl_logic|eight_bit_absolute_value_binary_to_7_segment_BCD_converter:mode_b_concatenated_operand_adapter|n_bit_absolute_value:abs8|Add0~1 ; 0                 ; 0       ;
;      - control_logic:ctrl_logic|eight_bit_absolute_value_binary_to_7_segment_BCD_converter:mode_b_concatenated_operand_adapter|n_bit_absolute_value:abs8|Add0~2 ; 0                 ; 0       ;
;      - control_logic:ctrl_logic|Mux6~1                                                                                                                          ; 0                 ; 0       ;
;      - control_logic:ctrl_logic|Mux4~1                                                                                                                          ; 0                 ; 0       ;
;      - control_logic:ctrl_logic|Mux3~1                                                                                                                          ; 0                 ; 0       ;
;      - control_logic:ctrl_logic|Mux0~1                                                                                                                          ; 0                 ; 0       ;
;      - alu_param:alu_a|Selector0~0                                                                                                                              ; 0                 ; 0       ;
;      - alu_param:alu_a|ShiftRight1~0                                                                                                                            ; 0                 ; 0       ;
;      - alu_param:alu_a|ShiftRight0~0                                                                                                                            ; 0                 ; 0       ;
;      - alu_param:alu_b|ShiftRight0~0                                                                                                                            ; 0                 ; 0       ;
;      - alu_param:alu_b|ShiftRight1~0                                                                                                                            ; 0                 ; 0       ;
;      - alu_param:alu_b|Selector5~0                                                                                                                              ; 0                 ; 0       ;
;      - alu_param:alu_b|ShiftLeft0~0                                                                                                                             ; 0                 ; 0       ;
;      - selected_alu_flags~7                                                                                                                                     ; 0                 ; 0       ;
;      - selected_alu_flags~9                                                                                                                                     ; 0                 ; 0       ;
;      - operand_a_is_negative~0                                                                                                                                  ; 0                 ; 0       ;
;      - alu_param:alu_b|Selector5~1                                                                                                                              ; 0                 ; 0       ;
;      - alu_param:alu_a|Selector1~2                                                                                                                              ; 0                 ; 0       ;
;      - alu_param:alu_a|Selector1~3                                                                                                                              ; 0                 ; 0       ;
;      - alu_param:alu_b|Selector2~1                                                                                                                              ; 0                 ; 0       ;
;      - alu_param:alu_b|ShiftRight1~1                                                                                                                            ; 0                 ; 0       ;
; src0[1]                                                                                                                                                         ;                   ;         ;
;      - alu_param:alu_b|_~5                                                                                                                                      ; 0                 ; 0       ;
;      - alu_param:alu_a|_~5                                                                                                                                      ; 0                 ; 0       ;
;      - control_logic:ctrl_logic|eight_bit_absolute_value_binary_to_7_segment_BCD_converter:mode_b_concatenated_operand_adapter|Add0~26                          ; 0                 ; 0       ;
;      - control_logic:ctrl_logic|eight_bit_absolute_value_binary_to_7_segment_BCD_converter:mode_b_concatenated_operand_adapter|Add0~22                          ; 0                 ; 0       ;
;      - control_logic:ctrl_logic|eight_bit_absolute_value_binary_to_7_segment_BCD_converter:mode_b_concatenated_operand_adapter|Add0~18                          ; 0                 ; 0       ;
;      - control_logic:ctrl_logic|eight_bit_absolute_value_binary_to_7_segment_BCD_converter:mode_b_concatenated_operand_adapter|Add0~14                          ; 0                 ; 0       ;
;      - control_logic:ctrl_logic|eight_bit_absolute_value_binary_to_7_segment_BCD_converter:mode_b_concatenated_operand_adapter|Add1~9                           ; 0                 ; 0       ;
;      - control_logic:ctrl_logic|eight_bit_absolute_value_binary_to_7_segment_BCD_converter:mode_b_concatenated_operand_adapter|Add2~22                          ; 0                 ; 0       ;
;      - control_logic:ctrl_logic|eight_bit_absolute_value_binary_to_7_segment_BCD_converter:mode_b_concatenated_operand_adapter|Add2~18                          ; 0                 ; 0       ;
;      - control_logic:ctrl_logic|eight_bit_absolute_value_binary_to_7_segment_BCD_converter:mode_b_concatenated_operand_adapter|Add2~1                           ; 0                 ; 0       ;
;      - alu_param:alu_b|ShiftRight1~1                                                                                                                            ; 1                 ; 0       ;
;      - alu_param:alu_b|Selector6~0                                                                                                                              ; 0                 ; 0       ;
;      - control_logic:ctrl_logic|eight_bit_absolute_value_binary_to_7_segment_BCD_converter:mode_b_concatenated_operand_adapter|n_bit_absolute_value:abs8|Add0~0 ; 0                 ; 0       ;
;      - control_logic:ctrl_logic|eight_bit_absolute_value_binary_to_7_segment_BCD_converter:mode_b_concatenated_operand_adapter|n_bit_absolute_value:abs8|Add0~6 ; 0                 ; 0       ;
;      - control_logic:ctrl_logic|Mux6~1                                                                                                                          ; 0                 ; 0       ;
;      - control_logic:ctrl_logic|Mux4~1                                                                                                                          ; 0                 ; 0       ;
;      - control_logic:ctrl_logic|Mux3~1                                                                                                                          ; 0                 ; 0       ;
;      - control_logic:ctrl_logic|Mux0~1                                                                                                                          ; 0                 ; 0       ;
;      - alu_param:alu_a|Selector1~0                                                                                                                              ; 0                 ; 0       ;
;      - alu_param:alu_a|ShiftRight1~0                                                                                                                            ; 0                 ; 0       ;
;      - alu_param:alu_a|ShiftRight0~0                                                                                                                            ; 0                 ; 0       ;
;      - alu_param:alu_b|Selector3~0                                                                                                                              ; 0                 ; 0       ;
;      - alu_param:alu_b|ShiftLeft0~0                                                                                                                             ; 0                 ; 0       ;
;      - alu_param:alu_a|Selector1~2                                                                                                                              ; 0                 ; 0       ;
;      - alu_param:alu_a|Selector1~3                                                                                                                              ; 0                 ; 0       ;
;      - alu_param:alu_b|Selector2~1                                                                                                                              ; 0                 ; 0       ;
;      - alu_param:alu_a|Selector0~2                                                                                                                              ; 0                 ; 0       ;
;      - control_logic:ctrl_logic|Mux2~1                                                                                                                          ; 0                 ; 0       ;
;      - control_logic:ctrl_logic|Mux5~2                                                                                                                          ; 0                 ; 0       ;
; src0[0]                                                                                                                                                         ;                   ;         ;
;      - alu_param:alu_b|_~9                                                                                                                                      ; 0                 ; 0       ;
;      - alu_param:alu_a|_~9                                                                                                                                      ; 1                 ; 0       ;
;      - control_logic:ctrl_logic|eight_bit_absolute_value_binary_to_7_segment_BCD_converter:mode_b_concatenated_operand_adapter|Add0~26                          ; 1                 ; 0       ;
;      - control_logic:ctrl_logic|eight_bit_absolute_value_binary_to_7_segment_BCD_converter:mode_b_concatenated_operand_adapter|Add0~22                          ; 1                 ; 0       ;
;      - control_logic:ctrl_logic|eight_bit_absolute_value_binary_to_7_segment_BCD_converter:mode_b_concatenated_operand_adapter|Add0~18                          ; 1                 ; 0       ;
;      - control_logic:ctrl_logic|eight_bit_absolute_value_binary_to_7_segment_BCD_converter:mode_b_concatenated_operand_adapter|Add2~22                          ; 1                 ; 0       ;
;      - control_logic:ctrl_logic|eight_bit_absolute_value_binary_to_7_segment_BCD_converter:mode_b_concatenated_operand_adapter|Add2~18                          ; 1                 ; 0       ;
;      - control_logic:ctrl_logic|eight_bit_absolute_value_binary_to_7_segment_BCD_converter:mode_b_concatenated_operand_adapter|Add2~1                           ; 1                 ; 0       ;
;      - control_logic:ctrl_logic|Mux2~1                                                                                                                          ; 1                 ; 0       ;
;      - control_logic:ctrl_logic|Mux5~2                                                                                                                          ; 1                 ; 0       ;
;      - control_logic:ctrl_logic|eight_bit_absolute_value_binary_to_7_segment_BCD_converter:mode_b_concatenated_operand_adapter|n_bit_absolute_value:abs8|Add0~0 ; 1                 ; 0       ;
;      - control_logic:ctrl_logic|eight_bit_absolute_value_binary_to_7_segment_BCD_converter:mode_b_concatenated_operand_adapter|n_bit_absolute_value:abs8|Add0~6 ; 1                 ; 0       ;
;      - control_logic:ctrl_logic|Mux6~0                                                                                                                          ; 1                 ; 0       ;
;      - control_logic:ctrl_logic|Mux6~1                                                                                                                          ; 1                 ; 0       ;
;      - control_logic:ctrl_logic|Mux4~0                                                                                                                          ; 1                 ; 0       ;
;      - control_logic:ctrl_logic|Mux4~1                                                                                                                          ; 1                 ; 0       ;
;      - control_logic:ctrl_logic|Mux3~0                                                                                                                          ; 1                 ; 0       ;
;      - control_logic:ctrl_logic|Mux3~1                                                                                                                          ; 1                 ; 0       ;
;      - control_logic:ctrl_logic|Mux1~0                                                                                                                          ; 1                 ; 0       ;
;      - control_logic:ctrl_logic|Mux0~0                                                                                                                          ; 1                 ; 0       ;
;      - control_logic:ctrl_logic|Mux0~1                                                                                                                          ; 1                 ; 0       ;
;      - alu_param:alu_a|Selector1~0                                                                                                                              ; 1                 ; 0       ;
;      - alu_param:alu_a|ShiftRight1~0                                                                                                                            ; 1                 ; 0       ;
;      - alu_param:alu_a|ShiftRight0~0                                                                                                                            ; 1                 ; 0       ;
;      - alu_param:alu_a|Selector2~0                                                                                                                              ; 1                 ; 0       ;
;      - alu_param:alu_a|Selector2~1                                                                                                                              ; 1                 ; 0       ;
;      - alu_param:alu_b|Selector3~0                                                                                                                              ; 1                 ; 0       ;
;      - alu_param:alu_b|Selector4~0                                                                                                                              ; 0                 ; 0       ;
;      - control_logic:ctrl_logic|eight_bit_absolute_value_binary_to_7_segment_BCD_converter:mode_b_concatenated_operand_adapter|n_bit_absolute_value:abs8|Add0~7 ; 0                 ; 0       ;
;      - alu_param:alu_b|Selector7~0                                                                                                                              ; 1                 ; 0       ;
;      - alu_param:alu_a|Selector0~2                                                                                                                              ; 1                 ; 0       ;
; src1[2]                                                                                                                                                         ;                   ;         ;
;      - alu_param:alu_b|_~1                                                                                                                                      ; 0                 ; 0       ;
;      - alu_param:alu_a|_~1                                                                                                                                      ; 0                 ; 0       ;
;      - control_logic:ctrl_logic|eight_bit_absolute_value_binary_to_7_segment_BCD_converter:mode_b_concatenated_operand_adapter|Add0~26                          ; 0                 ; 0       ;
;      - control_logic:ctrl_logic|eight_bit_absolute_value_binary_to_7_segment_BCD_converter:mode_b_concatenated_operand_adapter|Add0~22                          ; 0                 ; 0       ;
;      - control_logic:ctrl_logic|eight_bit_absolute_value_binary_to_7_segment_BCD_converter:mode_b_concatenated_operand_adapter|Add0~18                          ; 0                 ; 0       ;
;      - control_logic:ctrl_logic|eight_bit_absolute_value_binary_to_7_segment_BCD_converter:mode_b_concatenated_operand_adapter|Add0~14                          ; 0                 ; 0       ;
;      - control_logic:ctrl_logic|eight_bit_absolute_value_binary_to_7_segment_BCD_converter:mode_b_concatenated_operand_adapter|Add0~10                          ; 0                 ; 0       ;
;      - control_logic:ctrl_logic|eight_bit_absolute_value_binary_to_7_segment_BCD_converter:mode_b_concatenated_operand_adapter|Add0~1                           ; 0                 ; 0       ;
;      - control_logic:ctrl_logic|eight_bit_absolute_value_binary_to_7_segment_BCD_converter:mode_b_concatenated_operand_adapter|Add0~5                           ; 0                 ; 0       ;
;      - control_logic:ctrl_logic|eight_bit_absolute_value_binary_to_7_segment_BCD_converter:mode_b_concatenated_operand_adapter|Add1~9                           ; 0                 ; 0       ;
;      - control_logic:ctrl_logic|eight_bit_absolute_value_binary_to_7_segment_BCD_converter:mode_b_concatenated_operand_adapter|Add2~22                          ; 0                 ; 0       ;
;      - control_logic:ctrl_logic|eight_bit_absolute_value_binary_to_7_segment_BCD_converter:mode_b_concatenated_operand_adapter|Add2~18                          ; 0                 ; 0       ;
;      - control_logic:ctrl_logic|eight_bit_absolute_value_binary_to_7_segment_BCD_converter:mode_b_concatenated_operand_adapter|Add2~1                           ; 0                 ; 0       ;
;      - control_logic:ctrl_logic|eight_bit_absolute_value_binary_to_7_segment_BCD_converter:mode_b_concatenated_operand_adapter|Add2~5                           ; 0                 ; 0       ;
;      - alu_param:alu_b|ShiftRight1~1                                                                                                                            ; 0                 ; 0       ;
;      - alu_param:alu_a|Selector0~2                                                                                                                              ; 0                 ; 0       ;
;      - control_logic:ctrl_logic|eight_bit_absolute_value_binary_to_7_segment_BCD_converter:mode_b_concatenated_operand_adapter|n_bit_absolute_value:abs8|Add0~0 ; 0                 ; 0       ;
;      - control_logic:ctrl_logic|eight_bit_absolute_value_binary_to_7_segment_BCD_converter:mode_b_concatenated_operand_adapter|n_bit_absolute_value:abs8|Add0~1 ; 0                 ; 0       ;
;      - control_logic:ctrl_logic|eight_bit_absolute_value_binary_to_7_segment_BCD_converter:mode_b_concatenated_operand_adapter|n_bit_absolute_value:abs8|Add0~2 ; 0                 ; 0       ;
;      - control_logic:ctrl_logic|eight_bit_absolute_value_binary_to_7_segment_BCD_converter:mode_b_concatenated_operand_adapter|n_bit_absolute_value:abs8|Add0~3 ; 0                 ; 0       ;
;      - control_logic:ctrl_logic|eight_bit_absolute_value_binary_to_7_segment_BCD_converter:mode_b_concatenated_operand_adapter|n_bit_absolute_value:abs8|Add0~4 ; 0                 ; 0       ;
;      - control_logic:ctrl_logic|eight_bit_absolute_value_binary_to_7_segment_BCD_converter:mode_b_concatenated_operand_adapter|LessThan1~0                      ; 0                 ; 0       ;
;      - control_logic:ctrl_logic|eight_bit_absolute_value_binary_to_7_segment_BCD_converter:mode_b_concatenated_operand_adapter|LessThan2~0                      ; 0                 ; 0       ;
;      - control_logic:ctrl_logic|eight_bit_absolute_value_binary_to_7_segment_BCD_converter:mode_b_concatenated_operand_adapter|shift_reg~0                      ; 0                 ; 0       ;
;      - control_logic:ctrl_logic|eight_bit_absolute_value_binary_to_7_segment_BCD_converter:mode_b_concatenated_operand_adapter|shift_reg~1                      ; 0                 ; 0       ;
;      - control_logic:ctrl_logic|eight_bit_absolute_value_binary_to_7_segment_BCD_converter:mode_b_concatenated_operand_adapter|n_bit_absolute_value:abs8|Add0~5 ; 0                 ; 0       ;
;      - control_logic:ctrl_logic|eight_bit_absolute_value_binary_to_7_segment_BCD_converter:mode_b_concatenated_operand_adapter|n_bit_absolute_value:abs8|Add0~6 ; 0                 ; 0       ;
;      - control_logic:ctrl_logic|eight_bit_absolute_value_binary_to_7_segment_BCD_converter:mode_b_concatenated_operand_adapter|shift_reg~3                      ; 0                 ; 0       ;
;      - control_logic:ctrl_logic|Mux13~0                                                                                                                         ; 0                 ; 0       ;
;      - control_logic:ctrl_logic|Mux11~0                                                                                                                         ; 0                 ; 0       ;
;      - control_logic:ctrl_logic|Mux7~0                                                                                                                          ; 0                 ; 0       ;
;      - alu_param:alu_a|Selector0~0                                                                                                                              ; 0                 ; 0       ;
;      - alu_param:alu_a|Selector1~0                                                                                                                              ; 0                 ; 0       ;
;      - alu_param:alu_a|ShiftRight1~0                                                                                                                            ; 0                 ; 0       ;
;      - alu_param:alu_a|ShiftRight0~0                                                                                                                            ; 0                 ; 0       ;
;      - alu_param:alu_a|Selector2~1                                                                                                                              ; 0                 ; 0       ;
;      - alu_param:alu_b|Selector0~0                                                                                                                              ; 0                 ; 0       ;
;      - alu_param:alu_b|ShiftRight1~0                                                                                                                            ; 0                 ; 0       ;
;      - alu_param:alu_b|Selector4~1                                                                                                                              ; 0                 ; 0       ;
;      - alu_param:alu_b|Selector3~1                                                                                                                              ; 0                 ; 0       ;
;      - alu_param:alu_b|Selector1~1                                                                                                                              ; 0                 ; 0       ;
;      - alu_param:alu_b|Selector2~0                                                                                                                              ; 0                 ; 0       ;
;      - selected_alu_flags~7                                                                                                                                     ; 0                 ; 0       ;
;      - selected_alu_flags~8                                                                                                                                     ; 0                 ; 0       ;
;      - operand_a_is_negative~0                                                                                                                                  ; 0                 ; 0       ;
;      - operand_b_is_negative~0                                                                                                                                  ; 0                 ; 0       ;
;      - alu_param:alu_b|Selector0~1                                                                                                                              ; 0                 ; 0       ;
;      - alu_param:alu_b|Selector0~2                                                                                                                              ; 0                 ; 0       ;
;      - control_logic:ctrl_logic|eight_bit_absolute_value_binary_to_7_segment_BCD_converter:mode_b_concatenated_operand_adapter|n_bit_absolute_value:abs8|Add0~7 ; 0                 ; 0       ;
;      - control_logic:ctrl_logic|eight_bit_absolute_value_binary_to_7_segment_BCD_converter:mode_b_concatenated_operand_adapter|n_bit_absolute_value:abs8|Add0~9 ; 0                 ; 0       ;
;      - alu_param:alu_a|Selector1~2                                                                                                                              ; 0                 ; 0       ;
; src1[0]                                                                                                                                                         ;                   ;         ;
;      - alu_param:alu_b|_~17                                                                                                                                     ; 0                 ; 0       ;
;      - alu_param:alu_a|_~9                                                                                                                                      ; 0                 ; 0       ;
;      - control_logic:ctrl_logic|eight_bit_absolute_value_binary_to_7_segment_BCD_converter:mode_b_concatenated_operand_adapter|Add0~1                           ; 0                 ; 0       ;
;      - control_logic:ctrl_logic|eight_bit_absolute_value_binary_to_7_segment_BCD_converter:mode_b_concatenated_operand_adapter|Add0~5                           ; 0                 ; 0       ;
;      - alu_param:alu_b|Selector2~1                                                                                                                              ; 0                 ; 0       ;
;      - alu_param:alu_b|ShiftRight1~1                                                                                                                            ; 0                 ; 0       ;
;      - alu_param:alu_a|Selector0~2                                                                                                                              ; 0                 ; 0       ;
;      - control_logic:ctrl_logic|eight_bit_absolute_value_binary_to_7_segment_BCD_converter:mode_b_concatenated_operand_adapter|n_bit_absolute_value:abs8|Add0~3 ; 0                 ; 0       ;
;      - control_logic:ctrl_logic|eight_bit_absolute_value_binary_to_7_segment_BCD_converter:mode_b_concatenated_operand_adapter|LessThan1~0                      ; 0                 ; 0       ;
;      - control_logic:ctrl_logic|eight_bit_absolute_value_binary_to_7_segment_BCD_converter:mode_b_concatenated_operand_adapter|LessThan2~0                      ; 0                 ; 0       ;
;      - control_logic:ctrl_logic|eight_bit_absolute_value_binary_to_7_segment_BCD_converter:mode_b_concatenated_operand_adapter|n_bit_absolute_value:abs8|Add0~5 ; 0                 ; 0       ;
;      - control_logic:ctrl_logic|eight_bit_absolute_value_binary_to_7_segment_BCD_converter:mode_b_concatenated_operand_adapter|shift_reg~3                      ; 0                 ; 0       ;
;      - control_logic:ctrl_logic|Mux13~0                                                                                                                         ; 0                 ; 0       ;
;      - control_logic:ctrl_logic|Mux12~0                                                                                                                         ; 0                 ; 0       ;
;      - control_logic:ctrl_logic|Mux11~0                                                                                                                         ; 0                 ; 0       ;
;      - control_logic:ctrl_logic|Mux7~0                                                                                                                          ; 0                 ; 0       ;
;      - control_logic:ctrl_logic|Mux9~0                                                                                                                          ; 0                 ; 0       ;
;      - alu_param:alu_a|Selector0~0                                                                                                                              ; 0                 ; 0       ;
;      - alu_param:alu_a|Selector1~0                                                                                                                              ; 0                 ; 0       ;
;      - alu_param:alu_a|ShiftRight1~0                                                                                                                            ; 0                 ; 0       ;
;      - alu_param:alu_a|ShiftRight0~0                                                                                                                            ; 0                 ; 0       ;
;      - alu_param:alu_a|Selector2~0                                                                                                                              ; 0                 ; 0       ;
;      - alu_param:alu_a|Selector2~1                                                                                                                              ; 0                 ; 0       ;
;      - alu_param:alu_b|ShiftRight0~0                                                                                                                            ; 0                 ; 0       ;
;      - alu_param:alu_b|ShiftRight1~0                                                                                                                            ; 0                 ; 0       ;
;      - alu_param:alu_b|ShiftLeft0~0                                                                                                                             ; 0                 ; 0       ;
;      - alu_param:alu_b|Selector4~1                                                                                                                              ; 0                 ; 0       ;
;      - alu_param:alu_b|Selector2~0                                                                                                                              ; 0                 ; 0       ;
;      - control_logic:ctrl_logic|eight_bit_absolute_value_binary_to_7_segment_BCD_converter:mode_b_concatenated_operand_adapter|n_bit_absolute_value:abs8|Add0~9 ; 0                 ; 0       ;
;      - alu_param:alu_b|Selector5~1                                                                                                                              ; 0                 ; 0       ;
;      - alu_param:alu_a|Selector1~2                                                                                                                              ; 0                 ; 0       ;
; src1[1]                                                                                                                                                         ;                   ;         ;
;      - alu_param:alu_b|_~29                                                                                                                                     ; 1                 ; 0       ;
;      - alu_param:alu_a|_~5                                                                                                                                      ; 0                 ; 0       ;
;      - control_logic:ctrl_logic|eight_bit_absolute_value_binary_to_7_segment_BCD_converter:mode_b_concatenated_operand_adapter|Add0~1                           ; 0                 ; 0       ;
;      - control_logic:ctrl_logic|eight_bit_absolute_value_binary_to_7_segment_BCD_converter:mode_b_concatenated_operand_adapter|Add0~5                           ; 0                 ; 0       ;
;      - alu_param:alu_a|Selector0~2                                                                                                                              ; 0                 ; 0       ;
;      - control_logic:ctrl_logic|eight_bit_absolute_value_binary_to_7_segment_BCD_converter:mode_b_concatenated_operand_adapter|n_bit_absolute_value:abs8|Add0~4 ; 0                 ; 0       ;
;      - control_logic:ctrl_logic|eight_bit_absolute_value_binary_to_7_segment_BCD_converter:mode_b_concatenated_operand_adapter|LessThan2~0                      ; 0                 ; 0       ;
;      - control_logic:ctrl_logic|eight_bit_absolute_value_binary_to_7_segment_BCD_converter:mode_b_concatenated_operand_adapter|shift_reg~3                      ; 0                 ; 0       ;
;      - control_logic:ctrl_logic|Mux13~0                                                                                                                         ; 0                 ; 0       ;
;      - control_logic:ctrl_logic|Mux12~0                                                                                                                         ; 1                 ; 0       ;
;      - control_logic:ctrl_logic|Mux11~0                                                                                                                         ; 0                 ; 0       ;
;      - control_logic:ctrl_logic|Mux7~0                                                                                                                          ; 0                 ; 0       ;
;      - control_logic:ctrl_logic|Mux9~0                                                                                                                          ; 0                 ; 0       ;
;      - alu_param:alu_a|Selector0~0                                                                                                                              ; 0                 ; 0       ;
;      - alu_param:alu_a|Selector1~0                                                                                                                              ; 0                 ; 0       ;
;      - alu_param:alu_a|ShiftRight1~0                                                                                                                            ; 0                 ; 0       ;
;      - alu_param:alu_a|ShiftRight0~0                                                                                                                            ; 0                 ; 0       ;
;      - alu_param:alu_a|Selector2~1                                                                                                                              ; 0                 ; 0       ;
;      - alu_param:alu_b|ShiftRight0~0                                                                                                                            ; 1                 ; 0       ;
;      - alu_param:alu_b|ShiftLeft0~0                                                                                                                             ; 1                 ; 0       ;
;      - alu_param:alu_b|Selector1~0                                                                                                                              ; 1                 ; 0       ;
;      - alu_param:alu_b|Selector4~1                                                                                                                              ; 1                 ; 0       ;
;      - alu_param:alu_b|Selector3~1                                                                                                                              ; 1                 ; 0       ;
;      - alu_param:alu_b|Selector1~1                                                                                                                              ; 1                 ; 0       ;
;      - alu_param:alu_b|Selector5~1                                                                                                                              ; 1                 ; 0       ;
;      - alu_param:alu_a|Selector1~4                                                                                                                              ; 1                 ; 0       ;
; control[1]                                                                                                                                                      ;                   ;         ;
;      - alu_param:alu_b|_~21                                                                                                                                     ; 0                 ; 0       ;
;      - alu_param:alu_b|_~25                                                                                                                                     ; 0                 ; 0       ;
;      - alu_param:alu_b|_~13                                                                                                                                     ; 0                 ; 0       ;
;      - control_logic:ctrl_logic|eight_bit_absolute_value_binary_to_7_segment_BCD_converter:mode_b_result_adapter|n_bit_absolute_value:abs8|Add0~29              ; 0                 ; 0       ;
;      - control_logic:ctrl_logic|eight_bit_absolute_value_binary_to_7_segment_BCD_converter:mode_b_result_adapter|n_bit_absolute_value:abs8|Add0~5               ; 0                 ; 0       ;
;      - control_logic:ctrl_logic|eight_bit_absolute_value_binary_to_7_segment_BCD_converter:mode_b_result_adapter|n_bit_absolute_value:abs8|Add0~1               ; 0                 ; 0       ;
;      - control_logic:ctrl_logic|eight_bit_absolute_value_binary_to_7_segment_BCD_converter:mode_b_result_adapter|n_bit_absolute_value:abs8|Add0~9               ; 0                 ; 0       ;
;      - control_logic:ctrl_logic|eight_bit_absolute_value_binary_to_7_segment_BCD_converter:mode_b_result_adapter|n_bit_absolute_value:abs8|Add0~25              ; 0                 ; 0       ;
;      - control_logic:ctrl_logic|eight_bit_absolute_value_binary_to_7_segment_BCD_converter:mode_b_result_adapter|n_bit_absolute_value:abs8|Add0~17              ; 0                 ; 0       ;
;      - control_logic:ctrl_logic|eight_bit_absolute_value_binary_to_7_segment_BCD_converter:mode_b_result_adapter|n_bit_absolute_value:abs8|Add0~21              ; 0                 ; 0       ;
;      - control_logic:ctrl_logic|eight_bit_absolute_value_binary_to_7_segment_BCD_converter:mode_b_multiplexed_operand_adapter|Add1~5                            ; 0                 ; 0       ;
;      - control_logic:ctrl_logic|eight_bit_absolute_value_binary_to_7_segment_BCD_converter:mode_b_multiplexed_operand_adapter|Add1~1                            ; 0                 ; 0       ;
;      - control_logic:ctrl_logic|eight_bit_absolute_value_binary_to_7_segment_BCD_converter:mode_b_multiplexed_operand_adapter|Add2~22                           ; 0                 ; 0       ;
;      - control_logic:ctrl_logic|eight_bit_absolute_value_binary_to_7_segment_BCD_converter:mode_b_multiplexed_operand_adapter|Add2~18                           ; 0                 ; 0       ;
;      - control_logic:ctrl_logic|eight_bit_absolute_value_binary_to_7_segment_BCD_converter:mode_b_multiplexed_operand_adapter|Add2~1                            ; 0                 ; 0       ;
;      - alu_param:alu_b|Selector2~1                                                                                                                              ; 0                 ; 0       ;
;      - alu_param:alu_b|ShiftRight1~1                                                                                                                            ; 0                 ; 0       ;
;      - alu_param:alu_b|Selector6~0                                                                                                                              ; 0                 ; 0       ;
;      - alu_param:alu_a|Selector0~1                                                                                                                              ; 0                 ; 0       ;
;      - alu_param:alu_a|Selector1~1                                                                                                                              ; 0                 ; 0       ;
;      - alu_param:alu_a|Selector2~2                                                                                                                              ; 0                 ; 0       ;
;      - mode_b_constants:constants_bank|WideOr3~0                                                                                                                ; 0                 ; 0       ;
;      - control_logic:ctrl_logic|eight_bit_absolute_value_binary_to_7_segment_BCD_converter:mode_b_multiplexed_operand_adapter|LessThan2~0                       ; 0                 ; 0       ;
;      - control_logic:ctrl_logic|eight_bit_absolute_value_binary_to_7_segment_BCD_converter:mode_b_multiplexed_operand_adapter|shift_reg~0                       ; 0                 ; 0       ;
;      - control_logic:ctrl_logic|eight_bit_absolute_value_binary_to_7_segment_BCD_converter:mode_b_multiplexed_operand_adapter|shift_reg~1                       ; 0                 ; 0       ;
;      - control_logic:ctrl_logic|eight_bit_absolute_value_binary_to_7_segment_BCD_converter:mode_b_multiplexed_operand_adapter|shift_reg~2                       ; 0                 ; 0       ;
;      - control_logic:ctrl_logic|eight_bit_absolute_value_binary_to_7_segment_BCD_converter:mode_b_multiplexed_operand_adapter|ones[1]~0                         ; 0                 ; 0       ;
;      - control_logic:ctrl_logic|eight_bit_absolute_value_binary_to_7_segment_BCD_converter:mode_b_multiplexed_operand_adapter|ones[2]~1                         ; 0                 ; 0       ;
;      - control_logic:ctrl_logic|eight_bit_absolute_value_binary_to_7_segment_BCD_converter:mode_b_multiplexed_operand_adapter|ones[3]~2                         ; 0                 ; 0       ;
;      - mode_b_constants:constants_bank|WideOr1~1                                                                                                                ; 0                 ; 0       ;
;      - control_logic:ctrl_logic|eight_bit_absolute_value_binary_to_7_segment_BCD_converter:mode_b_multiplexed_operand_adapter|tens[3]~1                         ; 0                 ; 0       ;
;      - control_logic:ctrl_logic|eight_bit_absolute_value_binary_to_7_segment_BCD_converter:mode_b_multiplexed_operand_adapter|tens[0]~2                         ; 0                 ; 0       ;
;      - alu_param:alu_b|Selector0~0                                                                                                                              ; 0                 ; 0       ;
;      - alu_param:alu_b|ShiftRight0~0                                                                                                                            ; 0                 ; 0       ;
;      - alu_param:alu_b|ShiftRight1~0                                                                                                                            ; 0                 ; 0       ;
;      - alu_param:alu_b|Selector3~0                                                                                                                              ; 0                 ; 0       ;
;      - alu_param:alu_b|Selector5~0                                                                                                                              ; 0                 ; 0       ;
;      - alu_param:alu_b|Selector4~0                                                                                                                              ; 0                 ; 0       ;
;      - alu_param:alu_b|Selector1~0                                                                                                                              ; 0                 ; 0       ;
;      - selected_alu_flags~0                                                                                                                                     ; 0                 ; 0       ;
;      - alu_param:alu_b|Selector4~1                                                                                                                              ; 0                 ; 0       ;
;      - alu_param:alu_b|Selector3~1                                                                                                                              ; 0                 ; 0       ;
;      - alu_param:alu_b|Selector1~1                                                                                                                              ; 0                 ; 0       ;
;      - alu_param:alu_b|Selector2~0                                                                                                                              ; 0                 ; 0       ;
;      - selected_alu_flags~1                                                                                                                                     ; 0                 ; 0       ;
;      - selected_alu_flags~5                                                                                                                                     ; 0                 ; 0       ;
;      - alu_param:alu_b|Equal0~0                                                                                                                                 ; 0                 ; 0       ;
;      - alu_param:alu_b|Equal0~1                                                                                                                                 ; 0                 ; 0       ;
;      - selected_alu_flags~8                                                                                                                                     ; 0                 ; 0       ;
;      - mode_b_constants:constants_bank|alu_b_multiplexed_operand[4]~0                                                                                           ; 0                 ; 0       ;
;      - mode_b_constants:constants_bank|WideOr2~0                                                                                                                ; 0                 ; 0       ;
;      - alu_param:alu_b|Selector5~1                                                                                                                              ; 0                 ; 0       ;
;      - alu_param:alu_b|Selector7~0                                                                                                                              ; 0                 ; 0       ;
; control[2]                                                                                                                                                      ;                   ;         ;
;      - alu_param:alu_b|_~25                                                                                                                                     ; 0                 ; 0       ;
;      - alu_param:alu_b|_~13                                                                                                                                     ; 0                 ; 0       ;
;      - alu_param:alu_b|_~17                                                                                                                                     ; 0                 ; 0       ;
;      - alu_param:alu_b|_~29                                                                                                                                     ; 0                 ; 0       ;
;      - alu_param:alu_b|_~1                                                                                                                                      ; 0                 ; 0       ;
;      - control_logic:ctrl_logic|eight_bit_absolute_value_binary_to_7_segment_BCD_converter:mode_b_multiplexed_operand_adapter|Add1~5                            ; 0                 ; 0       ;
;      - control_logic:ctrl_logic|eight_bit_absolute_value_binary_to_7_segment_BCD_converter:mode_b_multiplexed_operand_adapter|Add1~1                            ; 0                 ; 0       ;
;      - control_logic:ctrl_logic|eight_bit_absolute_value_binary_to_7_segment_BCD_converter:mode_b_multiplexed_operand_adapter|Add2~22                           ; 0                 ; 0       ;
;      - control_logic:ctrl_logic|eight_bit_absolute_value_binary_to_7_segment_BCD_converter:mode_b_multiplexed_operand_adapter|Add2~18                           ; 0                 ; 0       ;
;      - control_logic:ctrl_logic|eight_bit_absolute_value_binary_to_7_segment_BCD_converter:mode_b_multiplexed_operand_adapter|Add2~1                            ; 0                 ; 0       ;
;      - alu_param:alu_b|Selector2~1                                                                                                                              ; 0                 ; 0       ;
;      - alu_param:alu_b|Selector6~0                                                                                                                              ; 0                 ; 0       ;
;      - alu_param:alu_a|Selector0~0                                                                                                                              ; 0                 ; 0       ;
;      - alu_param:alu_a|Selector0~1                                                                                                                              ; 0                 ; 0       ;
;      - alu_param:alu_a|Selector1~1                                                                                                                              ; 0                 ; 0       ;
;      - alu_param:alu_a|Selector2~0                                                                                                                              ; 0                 ; 0       ;
;      - alu_param:alu_a|Selector2~2                                                                                                                              ; 0                 ; 0       ;
;      - mode_b_constants:constants_bank|WideOr3~0                                                                                                                ; 0                 ; 0       ;
;      - mode_b_constants:constants_bank|Decoder0~0                                                                                                               ; 0                 ; 0       ;
;      - control_logic:ctrl_logic|eight_bit_absolute_value_binary_to_7_segment_BCD_converter:mode_b_multiplexed_operand_adapter|LessThan2~0                       ; 0                 ; 0       ;
;      - control_logic:ctrl_logic|eight_bit_absolute_value_binary_to_7_segment_BCD_converter:mode_b_multiplexed_operand_adapter|shift_reg~0                       ; 0                 ; 0       ;
;      - control_logic:ctrl_logic|eight_bit_absolute_value_binary_to_7_segment_BCD_converter:mode_b_multiplexed_operand_adapter|shift_reg~1                       ; 0                 ; 0       ;
;      - control_logic:ctrl_logic|eight_bit_absolute_value_binary_to_7_segment_BCD_converter:mode_b_multiplexed_operand_adapter|shift_reg~2                       ; 0                 ; 0       ;
;      - control_logic:ctrl_logic|eight_bit_absolute_value_binary_to_7_segment_BCD_converter:mode_b_multiplexed_operand_adapter|ones[1]~0                         ; 1                 ; 0       ;
;      - control_logic:ctrl_logic|eight_bit_absolute_value_binary_to_7_segment_BCD_converter:mode_b_multiplexed_operand_adapter|ones[2]~1                         ; 1                 ; 0       ;
;      - control_logic:ctrl_logic|eight_bit_absolute_value_binary_to_7_segment_BCD_converter:mode_b_multiplexed_operand_adapter|ones[3]~2                         ; 1                 ; 0       ;
;      - mode_b_constants:constants_bank|WideOr1~0                                                                                                                ; 0                 ; 0       ;
;      - control_logic:ctrl_logic|eight_bit_absolute_value_binary_to_7_segment_BCD_converter:mode_b_multiplexed_operand_adapter|tens[3]~1                         ; 0                 ; 0       ;
;      - control_logic:ctrl_logic|eight_bit_absolute_value_binary_to_7_segment_BCD_converter:mode_b_multiplexed_operand_adapter|tens[0]~2                         ; 1                 ; 0       ;
;      - alu_param:alu_b|Selector0~0                                                                                                                              ; 0                 ; 0       ;
;      - alu_param:alu_b|ShiftRight0~0                                                                                                                            ; 0                 ; 0       ;
;      - alu_param:alu_b|ShiftRight1~0                                                                                                                            ; 0                 ; 0       ;
;      - alu_param:alu_b|Selector3~0                                                                                                                              ; 0                 ; 0       ;
;      - alu_param:alu_b|Selector5~0                                                                                                                              ; 0                 ; 0       ;
;      - alu_param:alu_b|Selector4~0                                                                                                                              ; 0                 ; 0       ;
;      - alu_param:alu_b|Selector1~0                                                                                                                              ; 0                 ; 0       ;
;      - alu_param:alu_b|Selector4~1                                                                                                                              ; 0                 ; 0       ;
;      - alu_param:alu_b|Selector3~1                                                                                                                              ; 0                 ; 0       ;
;      - alu_param:alu_b|Selector1~1                                                                                                                              ; 0                 ; 0       ;
;      - alu_param:alu_b|Selector2~0                                                                                                                              ; 0                 ; 0       ;
;      - selected_alu_flags~5                                                                                                                                     ; 0                 ; 0       ;
;      - alu_param:alu_b|Equal0~0                                                                                                                                 ; 0                 ; 0       ;
;      - alu_param:alu_b|Equal0~1                                                                                                                                 ; 1                 ; 0       ;
;      - selected_alu_flags~8                                                                                                                                     ; 0                 ; 0       ;
;      - alu_param:alu_b|Selector0~1                                                                                                                              ; 0                 ; 0       ;
;      - alu_param:alu_b|Selector0~2                                                                                                                              ; 0                 ; 0       ;
;      - mode_b_constants:constants_bank|alu_b_multiplexed_operand[4]~1                                                                                           ; 0                 ; 0       ;
;      - mode_b_constants:constants_bank|WideOr2~0                                                                                                                ; 1                 ; 0       ;
;      - alu_param:alu_b|Selector5~1                                                                                                                              ; 0                 ; 0       ;
;      - alu_param:alu_b|Selector7~0                                                                                                                              ; 0                 ; 0       ;
;      - alu_param:alu_a|Selector1~2                                                                                                                              ; 0                 ; 0       ;
;      - alu_param:alu_a|Selector1~3                                                                                                                              ; 0                 ; 0       ;
;      - alu_param:alu_b|ShiftRight1~1                                                                                                                            ; 0                 ; 0       ;
; control[0]                                                                                                                                                      ;                   ;         ;
;      - alu_param:alu_b|_~25                                                                                                                                     ; 0                 ; 0       ;
;      - alu_param:alu_b|_~13                                                                                                                                     ; 0                 ; 0       ;
;      - alu_param:alu_b|_~17                                                                                                                                     ; 0                 ; 0       ;
;      - alu_param:alu_b|_~1                                                                                                                                      ; 0                 ; 0       ;
;      - control_logic:ctrl_logic|eight_bit_absolute_value_binary_to_7_segment_BCD_converter:mode_b_multiplexed_operand_adapter|Add2~22                           ; 0                 ; 0       ;
;      - control_logic:ctrl_logic|eight_bit_absolute_value_binary_to_7_segment_BCD_converter:mode_b_multiplexed_operand_adapter|Add2~1                            ; 0                 ; 0       ;
;      - alu_param:alu_b|Selector2~1                                                                                                                              ; 0                 ; 0       ;
;      - alu_param:alu_b|ShiftRight1~1                                                                                                                            ; 0                 ; 0       ;
;      - alu_param:alu_a|Selector0~2                                                                                                                              ; 0                 ; 0       ;
;      - alu_param:alu_a|Selector0~0                                                                                                                              ; 0                 ; 0       ;
;      - alu_param:alu_a|Selector1~0                                                                                                                              ; 0                 ; 0       ;
;      - alu_param:alu_a|Selector2~0                                                                                                                              ; 0                 ; 0       ;
;      - alu_param:alu_a|Selector2~1                                                                                                                              ; 0                 ; 0       ;
;      - mode_b_constants:constants_bank|WideOr3~0                                                                                                                ; 0                 ; 0       ;
;      - mode_b_constants:constants_bank|Decoder0~0                                                                                                               ; 0                 ; 0       ;
;      - control_logic:ctrl_logic|eight_bit_absolute_value_binary_to_7_segment_BCD_converter:mode_b_multiplexed_operand_adapter|shift_reg~0                       ; 0                 ; 0       ;
;      - control_logic:ctrl_logic|eight_bit_absolute_value_binary_to_7_segment_BCD_converter:mode_b_multiplexed_operand_adapter|ones[1]~0                         ; 0                 ; 0       ;
;      - control_logic:ctrl_logic|eight_bit_absolute_value_binary_to_7_segment_BCD_converter:mode_b_multiplexed_operand_adapter|ones[2]~1                         ; 0                 ; 0       ;
;      - control_logic:ctrl_logic|eight_bit_absolute_value_binary_to_7_segment_BCD_converter:mode_b_multiplexed_operand_adapter|ones[3]~2                         ; 0                 ; 0       ;
;      - mode_b_constants:constants_bank|WideOr1~0                                                                                                                ; 0                 ; 0       ;
;      - control_logic:ctrl_logic|eight_bit_absolute_value_binary_to_7_segment_BCD_converter:mode_b_multiplexed_operand_adapter|tens[0]~2                         ; 0                 ; 0       ;
;      - alu_param:alu_b|Selector0~0                                                                                                                              ; 0                 ; 0       ;
;      - alu_param:alu_b|ShiftRight0~0                                                                                                                            ; 0                 ; 0       ;
;      - alu_param:alu_b|ShiftRight1~0                                                                                                                            ; 0                 ; 0       ;
;      - alu_param:alu_b|Selector3~0                                                                                                                              ; 0                 ; 0       ;
;      - alu_param:alu_b|Selector5~0                                                                                                                              ; 0                 ; 0       ;
;      - alu_param:alu_b|Selector4~0                                                                                                                              ; 0                 ; 0       ;
;      - alu_param:alu_b|Selector1~0                                                                                                                              ; 0                 ; 0       ;
;      - alu_param:alu_b|Selector4~1                                                                                                                              ; 0                 ; 0       ;
;      - alu_param:alu_b|Selector3~1                                                                                                                              ; 0                 ; 0       ;
;      - alu_param:alu_b|Selector1~1                                                                                                                              ; 0                 ; 0       ;
;      - alu_param:alu_b|Selector2~0                                                                                                                              ; 0                 ; 0       ;
;      - alu_param:alu_b|Equal0~0                                                                                                                                 ; 0                 ; 0       ;
;      - alu_param:alu_b|Equal0~1                                                                                                                                 ; 0                 ; 0       ;
;      - alu_param:alu_b|Selector0~1                                                                                                                              ; 0                 ; 0       ;
;      - alu_param:alu_b|Selector0~2                                                                                                                              ; 0                 ; 0       ;
;      - mode_b_constants:constants_bank|alu_b_multiplexed_operand[4]~0                                                                                           ; 0                 ; 0       ;
;      - mode_b_constants:constants_bank|WideOr2~0                                                                                                                ; 0                 ; 0       ;
;      - alu_param:alu_b|Selector5~1                                                                                                                              ; 0                 ; 0       ;
;      - alu_param:alu_b|Selector7~0                                                                                                                              ; 0                 ; 0       ;
;      - alu_param:alu_a|Selector1~2                                                                                                                              ; 0                 ; 0       ;
;      - alu_param:alu_a|Selector1~3                                                                                                                              ; 0                 ; 0       ;
;      - alu_param:alu_b|Selector6~0                                                                                                                              ; 0                 ; 0       ;
+-----------------------------------------------------------------------------------------------------------------------------------------------------------------+-------------------+---------+


+-----------------------------------------------------------------------+
; Routing Usage Summary                                                 ;
+---------------------------------------------+-------------------------+
; Routing Resource Type                       ; Usage                   ;
+---------------------------------------------+-------------------------+
; Block interconnects                         ; 375 / 289,320 ( < 1 % ) ;
; C12 interconnects                           ; 5 / 13,420 ( < 1 % )    ;
; C2 interconnects                            ; 119 / 119,108 ( < 1 % ) ;
; C4 interconnects                            ; 70 / 56,300 ( < 1 % )   ;
; DQS bus muxes                               ; 0 / 25 ( 0 % )          ;
; DQS-18 I/O buses                            ; 0 / 25 ( 0 % )          ;
; DQS-9 I/O buses                             ; 0 / 25 ( 0 % )          ;
; Direct links                                ; 48 / 289,320 ( < 1 % )  ;
; Global clocks                               ; 0 / 16 ( 0 % )          ;
; HPS SDRAM PLL inputs                        ; 0 / 1 ( 0 % )           ;
; HPS SDRAM PLL outputs                       ; 0 / 1 ( 0 % )           ;
; HPS_INTERFACE_BOOT_FROM_FPGA_INPUTs         ; 0 / 9 ( 0 % )           ;
; HPS_INTERFACE_CLOCKS_RESETS_INPUTs          ; 0 / 7 ( 0 % )           ;
; HPS_INTERFACE_CLOCKS_RESETS_OUTPUTs         ; 0 / 6 ( 0 % )           ;
; HPS_INTERFACE_CROSS_TRIGGER_INPUTs          ; 0 / 18 ( 0 % )          ;
; HPS_INTERFACE_CROSS_TRIGGER_OUTPUTs         ; 0 / 24 ( 0 % )          ;
; HPS_INTERFACE_DBG_APB_INPUTs                ; 0 / 37 ( 0 % )          ;
; HPS_INTERFACE_DBG_APB_OUTPUTs               ; 0 / 55 ( 0 % )          ;
; HPS_INTERFACE_DMA_INPUTs                    ; 0 / 16 ( 0 % )          ;
; HPS_INTERFACE_DMA_OUTPUTs                   ; 0 / 8 ( 0 % )           ;
; HPS_INTERFACE_FPGA2HPS_INPUTs               ; 0 / 287 ( 0 % )         ;
; HPS_INTERFACE_FPGA2HPS_OUTPUTs              ; 0 / 154 ( 0 % )         ;
; HPS_INTERFACE_FPGA2SDRAM_INPUTs             ; 0 / 852 ( 0 % )         ;
; HPS_INTERFACE_FPGA2SDRAM_OUTPUTs            ; 0 / 408 ( 0 % )         ;
; HPS_INTERFACE_HPS2FPGA_INPUTs               ; 0 / 165 ( 0 % )         ;
; HPS_INTERFACE_HPS2FPGA_LIGHT_WEIGHT_INPUTs  ; 0 / 67 ( 0 % )          ;
; HPS_INTERFACE_HPS2FPGA_LIGHT_WEIGHT_OUTPUTs ; 0 / 156 ( 0 % )         ;
; HPS_INTERFACE_HPS2FPGA_OUTPUTs              ; 0 / 282 ( 0 % )         ;
; HPS_INTERFACE_INTERRUPTS_INPUTs             ; 0 / 64 ( 0 % )          ;
; HPS_INTERFACE_INTERRUPTS_OUTPUTs            ; 0 / 42 ( 0 % )          ;
; HPS_INTERFACE_JTAG_OUTPUTs                  ; 0 / 5 ( 0 % )           ;
; HPS_INTERFACE_LOAN_IO_INPUTs                ; 0 / 142 ( 0 % )         ;
; HPS_INTERFACE_LOAN_IO_OUTPUTs               ; 0 / 85 ( 0 % )          ;
; HPS_INTERFACE_MPU_EVENT_STANDBY_INPUTs      ; 0 / 1 ( 0 % )           ;
; HPS_INTERFACE_MPU_EVENT_STANDBY_OUTPUTs     ; 0 / 5 ( 0 % )           ;
; HPS_INTERFACE_MPU_GENERAL_PURPOSE_INPUTs    ; 0 / 32 ( 0 % )          ;
; HPS_INTERFACE_MPU_GENERAL_PURPOSE_OUTPUTs   ; 0 / 32 ( 0 % )          ;
; HPS_INTERFACE_PERIPHERAL_CAN_INPUTs         ; 0 / 2 ( 0 % )           ;
; HPS_INTERFACE_PERIPHERAL_CAN_OUTPUTs        ; 0 / 2 ( 0 % )           ;
; HPS_INTERFACE_PERIPHERAL_EMAC_INPUTs        ; 0 / 32 ( 0 % )          ;
; HPS_INTERFACE_PERIPHERAL_EMAC_OUTPUTs       ; 0 / 34 ( 0 % )          ;
; HPS_INTERFACE_PERIPHERAL_I2C_INPUTs         ; 0 / 8 ( 0 % )           ;
; HPS_INTERFACE_PERIPHERAL_I2C_OUTPUTs        ; 0 / 8 ( 0 % )           ;
; HPS_INTERFACE_PERIPHERAL_NAND_INPUTs        ; 0 / 12 ( 0 % )          ;
; HPS_INTERFACE_PERIPHERAL_NAND_OUTPUTs       ; 0 / 18 ( 0 % )          ;
; HPS_INTERFACE_PERIPHERAL_QSPI_INPUTs        ; 0 / 4 ( 0 % )           ;
; HPS_INTERFACE_PERIPHERAL_QSPI_OUTPUTs       ; 0 / 13 ( 0 % )          ;
; HPS_INTERFACE_PERIPHERAL_SDMMC_INPUTs       ; 0 / 13 ( 0 % )          ;
; HPS_INTERFACE_PERIPHERAL_SDMMC_OUTPUTs      ; 0 / 22 ( 0 % )          ;
; HPS_INTERFACE_PERIPHERAL_SPI_MASTER_INPUTs  ; 0 / 4 ( 0 % )           ;
; HPS_INTERFACE_PERIPHERAL_SPI_MASTER_OUTPUTs ; 0 / 14 ( 0 % )          ;
; HPS_INTERFACE_PERIPHERAL_SPI_SLAVE_INPUTs   ; 0 / 6 ( 0 % )           ;
; HPS_INTERFACE_PERIPHERAL_SPI_SLAVE_OUTPUTs  ; 0 / 4 ( 0 % )           ;
; HPS_INTERFACE_PERIPHERAL_UART_INPUTs        ; 0 / 10 ( 0 % )          ;
; HPS_INTERFACE_PERIPHERAL_UART_OUTPUTs       ; 0 / 10 ( 0 % )          ;
; HPS_INTERFACE_PERIPHERAL_USB_INPUTs         ; 0 / 22 ( 0 % )          ;
; HPS_INTERFACE_PERIPHERAL_USB_OUTPUTs        ; 0 / 34 ( 0 % )          ;
; HPS_INTERFACE_STM_EVENT_INPUTs              ; 0 / 28 ( 0 % )          ;
; HPS_INTERFACE_TEST_INPUTs                   ; 0 / 610 ( 0 % )         ;
; HPS_INTERFACE_TEST_OUTPUTs                  ; 0 / 513 ( 0 % )         ;
; HPS_INTERFACE_TPIU_TRACE_INPUTs             ; 0 / 2 ( 0 % )           ;
; HPS_INTERFACE_TPIU_TRACE_OUTPUTs            ; 0 / 33 ( 0 % )          ;
; Horizontal periphery clocks                 ; 0 / 72 ( 0 % )          ;
; Local interconnects                         ; 88 / 84,580 ( < 1 % )   ;
; Quadrant clocks                             ; 0 / 66 ( 0 % )          ;
; R14 interconnects                           ; 96 / 12,676 ( < 1 % )   ;
; R14/C12 interconnect drivers                ; 97 / 20,720 ( < 1 % )   ;
; R3 interconnects                            ; 166 / 130,992 ( < 1 % ) ;
; R6 interconnects                            ; 181 / 266,960 ( < 1 % ) ;
; Spine clocks                                ; 0 / 360 ( 0 % )         ;
; Wire stub REs                               ; 0 / 15,858 ( 0 % )      ;
+---------------------------------------------+-------------------------+


+------------------------------------------+
; I/O Rules Summary                        ;
+----------------------------------+-------+
; I/O Rules Statistic              ; Total ;
+----------------------------------+-------+
; Total I/O Rules                  ; 28    ;
; Number of I/O Rules Passed       ; 6     ;
; Number of I/O Rules Failed       ; 0     ;
; Number of I/O Rules Unchecked    ; 0     ;
; Number of I/O Rules Inapplicable ; 22    ;
+----------------------------------+-------+


+-----------------------------------------------------------------------------------------------------------------------------------------------------------------------------------------------------------------------------------------------------------------------------------+
; I/O Rules Details                                                                                                                                                                                                                                                                 ;
+--------------+-----------+-----------------------------------+------------------------------------------------------------------------------------+----------+--------------------------------------------------------------------------+---------------------+-------------------+
; Status       ; ID        ; Category                          ; Rule Description                                                                   ; Severity ; Information                                                              ; Area                ; Extra Information ;
+--------------+-----------+-----------------------------------+------------------------------------------------------------------------------------+----------+--------------------------------------------------------------------------+---------------------+-------------------+
; Inapplicable ; IO_000001 ; Capacity Checks                   ; Number of pins in an I/O bank should not exceed the number of locations available. ; Critical ; No Location assignments found.                                           ; I/O                 ;                   ;
; Inapplicable ; IO_000002 ; Capacity Checks                   ; Number of clocks in an I/O bank should not exceed the number of clocks available.  ; Critical ; No Global Signal assignments found.                                      ; I/O                 ;                   ;
; Inapplicable ; IO_000003 ; Capacity Checks                   ; Number of pins in a Vrefgroup should not exceed the number of locations available. ; Critical ; No Location assignments found.                                           ; I/O                 ;                   ;
; Inapplicable ; IO_000004 ; Voltage Compatibility Checks      ; The I/O bank should support the requested VCCIO.                                   ; Critical ; No IOBANK_VCCIO assignments found.                                       ; I/O                 ;                   ;
; Inapplicable ; IO_000005 ; Voltage Compatibility Checks      ; The I/O bank should not have competing VREF values.                                ; Critical ; No VREF I/O Standard assignments found.                                  ; I/O                 ;                   ;
; Pass         ; IO_000006 ; Voltage Compatibility Checks      ; The I/O bank should not have competing VCCIO values.                               ; Critical ; 0 such failures found.                                                   ; I/O                 ;                   ;
; Inapplicable ; IO_000007 ; Valid Location Checks             ; Checks for unavailable locations.                                                  ; Critical ; No Location assignments found.                                           ; I/O                 ;                   ;
; Inapplicable ; IO_000008 ; Valid Location Checks             ; Checks for reserved locations.                                                     ; Critical ; No reserved LogicLock region found.                                      ; I/O                 ;                   ;
; Pass         ; IO_000009 ; I/O Properties Checks for One I/O ; The location should support the requested I/O standard.                            ; Critical ; 0 such failures found.                                                   ; I/O                 ;                   ;
; Pass         ; IO_000010 ; I/O Properties Checks for One I/O ; The location should support the requested I/O direction.                           ; Critical ; 0 such failures found.                                                   ; I/O                 ;                   ;
; Inapplicable ; IO_000011 ; I/O Properties Checks for One I/O ; The location should support the requested Current Strength.                        ; Critical ; No Current Strength assignments found.                                   ; I/O                 ;                   ;
; Pass         ; IO_000012 ; I/O Properties Checks for One I/O ; The location should support the requested On Chip Termination value.               ; Critical ; 0 such failures found.                                                   ; I/O                 ;                   ;
; Inapplicable ; IO_000013 ; I/O Properties Checks for One I/O ; The location should support the requested Bus Hold value.                          ; Critical ; No Enable Bus-Hold Circuitry assignments found.                          ; I/O                 ;                   ;
; Inapplicable ; IO_000014 ; I/O Properties Checks for One I/O ; The location should support the requested Weak Pull Up value.                      ; Critical ; No Weak Pull-Up Resistor assignments found.                              ; I/O                 ;                   ;
; Inapplicable ; IO_000015 ; I/O Properties Checks for One I/O ; The location should support the requested PCI Clamp Diode.                         ; Critical ; No Clamping Diode assignments found.                                     ; I/O                 ;                   ;
; Inapplicable ; IO_000018 ; I/O Properties Checks for One I/O ; The I/O standard should support the requested Current Strength.                    ; Critical ; No Current Strength assignments found.                                   ; I/O                 ;                   ;
; Pass         ; IO_000019 ; I/O Properties Checks for One I/O ; The I/O standard should support the requested On Chip Termination value.           ; Critical ; 0 such failures found.                                                   ; I/O                 ;                   ;
; Inapplicable ; IO_000020 ; I/O Properties Checks for One I/O ; The I/O standard should support the requested PCI Clamp Diode.                     ; Critical ; No Clamping Diode assignments found.                                     ; I/O                 ;                   ;
; Inapplicable ; IO_000021 ; I/O Properties Checks for One I/O ; The I/O standard should support the requested Weak Pull Up value.                  ; Critical ; No Weak Pull-Up Resistor assignments found.                              ; I/O                 ;                   ;
; Inapplicable ; IO_000022 ; I/O Properties Checks for One I/O ; The I/O standard should support the requested Bus Hold value.                      ; Critical ; No Enable Bus-Hold Circuitry assignments found.                          ; I/O                 ;                   ;
; Inapplicable ; IO_000023 ; I/O Properties Checks for One I/O ; The I/O standard should support the Open Drain value.                              ; Critical ; No open drain assignments found.                                         ; I/O                 ;                   ;
; Pass         ; IO_000024 ; I/O Properties Checks for One I/O ; The I/O direction should support the On Chip Termination value.                    ; Critical ; 0 such failures found.                                                   ; I/O                 ;                   ;
; Inapplicable ; IO_000026 ; I/O Properties Checks for One I/O ; On Chip Termination and Current Strength should not be used at the same time.      ; Critical ; No Current Strength assignments found.                                   ; I/O                 ;                   ;
; Inapplicable ; IO_000027 ; I/O Properties Checks for One I/O ; Weak Pull Up and Bus Hold should not be used at the same time.                     ; Critical ; No Enable Bus-Hold Circuitry or Weak Pull-Up Resistor assignments found. ; I/O                 ;                   ;
; Inapplicable ; IO_000045 ; I/O Properties Checks for One I/O ; The I/O standard should support the requested Slew Rate value.                     ; Critical ; No Slew Rate assignments found.                                          ; I/O                 ;                   ;
; Inapplicable ; IO_000046 ; I/O Properties Checks for One I/O ; The location should support the requested Slew Rate value.                         ; Critical ; No Slew Rate assignments found.                                          ; I/O                 ;                   ;
; Inapplicable ; IO_000047 ; I/O Properties Checks for One I/O ; On Chip Termination and Slew Rate should not be used at the same time.             ; Critical ; No Slew Rate assignments found.                                          ; I/O                 ;                   ;
; Inapplicable ; IO_000034 ; SI Related Distance Checks        ; Single-ended outputs should be 0 LAB row(s) away from a differential I/O.          ; High     ; No Differential I/O Standard assignments found.                          ; I/O                 ;                   ;
; ----         ; ----      ; Disclaimer                        ; OCT rules are checked but not reported.                                            ; None     ; ----                                                                     ; On Chip Termination ;                   ;
+--------------+-----------+-----------------------------------+------------------------------------------------------------------------------------+----------+--------------------------------------------------------------------------+---------------------+-------------------+


+-----------------------------------------------------------------------------------------------------------------------------------------------------------------------------------------------------------------------------------------------------------------------------------------------------------------------------------------------------------------------------------------------------------------------------------------------------------+
; I/O Rules Matrix                                                                                                                                                                                                                                                                                                                                                                                                                                          ;
+--------------------------------+--------------+--------------+--------------+--------------+--------------+-----------+--------------+--------------+-----------+-----------+--------------+--------------+--------------+--------------+--------------+--------------+--------------+--------------+--------------+--------------+--------------+--------------+--------------+--------------+--------------+--------------+--------------+--------------+
; Pin/Rules                      ; IO_000001    ; IO_000002    ; IO_000003    ; IO_000004    ; IO_000005    ; IO_000006 ; IO_000007    ; IO_000008    ; IO_000009 ; IO_000010 ; IO_000011    ; IO_000012    ; IO_000013    ; IO_000014    ; IO_000015    ; IO_000018    ; IO_000019    ; IO_000020    ; IO_000021    ; IO_000022    ; IO_000023    ; IO_000024    ; IO_000026    ; IO_000027    ; IO_000045    ; IO_000046    ; IO_000047    ; IO_000034    ;
+--------------------------------+--------------+--------------+--------------+--------------+--------------+-----------+--------------+--------------+-----------+-----------+--------------+--------------+--------------+--------------+--------------+--------------+--------------+--------------+--------------+--------------+--------------+--------------+--------------+--------------+--------------+--------------+--------------+--------------+
; Total Pass                     ; 0            ; 0            ; 0            ; 0            ; 0            ; 60        ; 0            ; 0            ; 60        ; 60        ; 0            ; 49           ; 0            ; 0            ; 0            ; 0            ; 49           ; 0            ; 0            ; 0            ; 0            ; 49           ; 0            ; 0            ; 0            ; 0            ; 0            ; 0            ;
; Total Unchecked                ; 0            ; 0            ; 0            ; 0            ; 0            ; 0         ; 0            ; 0            ; 0         ; 0         ; 0            ; 0            ; 0            ; 0            ; 0            ; 0            ; 0            ; 0            ; 0            ; 0            ; 0            ; 0            ; 0            ; 0            ; 0            ; 0            ; 0            ; 0            ;
; Total Inapplicable             ; 60           ; 60           ; 60           ; 60           ; 60           ; 0         ; 60           ; 60           ; 0         ; 0         ; 60           ; 11           ; 60           ; 60           ; 60           ; 60           ; 11           ; 60           ; 60           ; 60           ; 60           ; 11           ; 60           ; 60           ; 60           ; 60           ; 60           ; 60           ;
; Total Fail                     ; 0            ; 0            ; 0            ; 0            ; 0            ; 0         ; 0            ; 0            ; 0         ; 0         ; 0            ; 0            ; 0            ; 0            ; 0            ; 0            ; 0            ; 0            ; 0            ; 0            ; 0            ; 0            ; 0            ; 0            ; 0            ; 0            ; 0            ; 0            ;
; seven_segment_display_one[0]   ; Inapplicable ; Inapplicable ; Inapplicable ; Inapplicable ; Inapplicable ; Pass      ; Inapplicable ; Inapplicable ; Pass      ; Pass      ; Inapplicable ; Pass         ; Inapplicable ; Inapplicable ; Inapplicable ; Inapplicable ; Pass         ; Inapplicable ; Inapplicable ; Inapplicable ; Inapplicable ; Pass         ; Inapplicable ; Inapplicable ; Inapplicable ; Inapplicable ; Inapplicable ; Inapplicable ;
; seven_segment_display_one[1]   ; Inapplicable ; Inapplicable ; Inapplicable ; Inapplicable ; Inapplicable ; Pass      ; Inapplicable ; Inapplicable ; Pass      ; Pass      ; Inapplicable ; Pass         ; Inapplicable ; Inapplicable ; Inapplicable ; Inapplicable ; Pass         ; Inapplicable ; Inapplicable ; Inapplicable ; Inapplicable ; Pass         ; Inapplicable ; Inapplicable ; Inapplicable ; Inapplicable ; Inapplicable ; Inapplicable ;
; seven_segment_display_one[2]   ; Inapplicable ; Inapplicable ; Inapplicable ; Inapplicable ; Inapplicable ; Pass      ; Inapplicable ; Inapplicable ; Pass      ; Pass      ; Inapplicable ; Pass         ; Inapplicable ; Inapplicable ; Inapplicable ; Inapplicable ; Pass         ; Inapplicable ; Inapplicable ; Inapplicable ; Inapplicable ; Pass         ; Inapplicable ; Inapplicable ; Inapplicable ; Inapplicable ; Inapplicable ; Inapplicable ;
; seven_segment_display_one[3]   ; Inapplicable ; Inapplicable ; Inapplicable ; Inapplicable ; Inapplicable ; Pass      ; Inapplicable ; Inapplicable ; Pass      ; Pass      ; Inapplicable ; Pass         ; Inapplicable ; Inapplicable ; Inapplicable ; Inapplicable ; Pass         ; Inapplicable ; Inapplicable ; Inapplicable ; Inapplicable ; Pass         ; Inapplicable ; Inapplicable ; Inapplicable ; Inapplicable ; Inapplicable ; Inapplicable ;
; seven_segment_display_one[4]   ; Inapplicable ; Inapplicable ; Inapplicable ; Inapplicable ; Inapplicable ; Pass      ; Inapplicable ; Inapplicable ; Pass      ; Pass      ; Inapplicable ; Pass         ; Inapplicable ; Inapplicable ; Inapplicable ; Inapplicable ; Pass         ; Inapplicable ; Inapplicable ; Inapplicable ; Inapplicable ; Pass         ; Inapplicable ; Inapplicable ; Inapplicable ; Inapplicable ; Inapplicable ; Inapplicable ;
; seven_segment_display_one[5]   ; Inapplicable ; Inapplicable ; Inapplicable ; Inapplicable ; Inapplicable ; Pass      ; Inapplicable ; Inapplicable ; Pass      ; Pass      ; Inapplicable ; Pass         ; Inapplicable ; Inapplicable ; Inapplicable ; Inapplicable ; Pass         ; Inapplicable ; Inapplicable ; Inapplicable ; Inapplicable ; Pass         ; Inapplicable ; Inapplicable ; Inapplicable ; Inapplicable ; Inapplicable ; Inapplicable ;
; seven_segment_display_one[6]   ; Inapplicable ; Inapplicable ; Inapplicable ; Inapplicable ; Inapplicable ; Pass      ; Inapplicable ; Inapplicable ; Pass      ; Pass      ; Inapplicable ; Pass         ; Inapplicable ; Inapplicable ; Inapplicable ; Inapplicable ; Pass         ; Inapplicable ; Inapplicable ; Inapplicable ; Inapplicable ; Pass         ; Inapplicable ; Inapplicable ; Inapplicable ; Inapplicable ; Inapplicable ; Inapplicable ;
; seven_segment_display_two[0]   ; Inapplicable ; Inapplicable ; Inapplicable ; Inapplicable ; Inapplicable ; Pass      ; Inapplicable ; Inapplicable ; Pass      ; Pass      ; Inapplicable ; Pass         ; Inapplicable ; Inapplicable ; Inapplicable ; Inapplicable ; Pass         ; Inapplicable ; Inapplicable ; Inapplicable ; Inapplicable ; Pass         ; Inapplicable ; Inapplicable ; Inapplicable ; Inapplicable ; Inapplicable ; Inapplicable ;
; seven_segment_display_two[1]   ; Inapplicable ; Inapplicable ; Inapplicable ; Inapplicable ; Inapplicable ; Pass      ; Inapplicable ; Inapplicable ; Pass      ; Pass      ; Inapplicable ; Pass         ; Inapplicable ; Inapplicable ; Inapplicable ; Inapplicable ; Pass         ; Inapplicable ; Inapplicable ; Inapplicable ; Inapplicable ; Pass         ; Inapplicable ; Inapplicable ; Inapplicable ; Inapplicable ; Inapplicable ; Inapplicable ;
; seven_segment_display_two[2]   ; Inapplicable ; Inapplicable ; Inapplicable ; Inapplicable ; Inapplicable ; Pass      ; Inapplicable ; Inapplicable ; Pass      ; Pass      ; Inapplicable ; Pass         ; Inapplicable ; Inapplicable ; Inapplicable ; Inapplicable ; Pass         ; Inapplicable ; Inapplicable ; Inapplicable ; Inapplicable ; Pass         ; Inapplicable ; Inapplicable ; Inapplicable ; Inapplicable ; Inapplicable ; Inapplicable ;
; seven_segment_display_two[3]   ; Inapplicable ; Inapplicable ; Inapplicable ; Inapplicable ; Inapplicable ; Pass      ; Inapplicable ; Inapplicable ; Pass      ; Pass      ; Inapplicable ; Pass         ; Inapplicable ; Inapplicable ; Inapplicable ; Inapplicable ; Pass         ; Inapplicable ; Inapplicable ; Inapplicable ; Inapplicable ; Pass         ; Inapplicable ; Inapplicable ; Inapplicable ; Inapplicable ; Inapplicable ; Inapplicable ;
; seven_segment_display_two[4]   ; Inapplicable ; Inapplicable ; Inapplicable ; Inapplicable ; Inapplicable ; Pass      ; Inapplicable ; Inapplicable ; Pass      ; Pass      ; Inapplicable ; Pass         ; Inapplicable ; Inapplicable ; Inapplicable ; Inapplicable ; Pass         ; Inapplicable ; Inapplicable ; Inapplicable ; Inapplicable ; Pass         ; Inapplicable ; Inapplicable ; Inapplicable ; Inapplicable ; Inapplicable ; Inapplicable ;
; seven_segment_display_two[5]   ; Inapplicable ; Inapplicable ; Inapplicable ; Inapplicable ; Inapplicable ; Pass      ; Inapplicable ; Inapplicable ; Pass      ; Pass      ; Inapplicable ; Pass         ; Inapplicable ; Inapplicable ; Inapplicable ; Inapplicable ; Pass         ; Inapplicable ; Inapplicable ; Inapplicable ; Inapplicable ; Pass         ; Inapplicable ; Inapplicable ; Inapplicable ; Inapplicable ; Inapplicable ; Inapplicable ;
; seven_segment_display_two[6]   ; Inapplicable ; Inapplicable ; Inapplicable ; Inapplicable ; Inapplicable ; Pass      ; Inapplicable ; Inapplicable ; Pass      ; Pass      ; Inapplicable ; Pass         ; Inapplicable ; Inapplicable ; Inapplicable ; Inapplicable ; Pass         ; Inapplicable ; Inapplicable ; Inapplicable ; Inapplicable ; Pass         ; Inapplicable ; Inapplicable ; Inapplicable ; Inapplicable ; Inapplicable ; Inapplicable ;
; seven_segment_display_three[0] ; Inapplicable ; Inapplicable ; Inapplicable ; Inapplicable ; Inapplicable ; Pass      ; Inapplicable ; Inapplicable ; Pass      ; Pass      ; Inapplicable ; Pass         ; Inapplicable ; Inapplicable ; Inapplicable ; Inapplicable ; Pass         ; Inapplicable ; Inapplicable ; Inapplicable ; Inapplicable ; Pass         ; Inapplicable ; Inapplicable ; Inapplicable ; Inapplicable ; Inapplicable ; Inapplicable ;
; seven_segment_display_three[1] ; Inapplicable ; Inapplicable ; Inapplicable ; Inapplicable ; Inapplicable ; Pass      ; Inapplicable ; Inapplicable ; Pass      ; Pass      ; Inapplicable ; Pass         ; Inapplicable ; Inapplicable ; Inapplicable ; Inapplicable ; Pass         ; Inapplicable ; Inapplicable ; Inapplicable ; Inapplicable ; Pass         ; Inapplicable ; Inapplicable ; Inapplicable ; Inapplicable ; Inapplicable ; Inapplicable ;
; seven_segment_display_three[2] ; Inapplicable ; Inapplicable ; Inapplicable ; Inapplicable ; Inapplicable ; Pass      ; Inapplicable ; Inapplicable ; Pass      ; Pass      ; Inapplicable ; Pass         ; Inapplicable ; Inapplicable ; Inapplicable ; Inapplicable ; Pass         ; Inapplicable ; Inapplicable ; Inapplicable ; Inapplicable ; Pass         ; Inapplicable ; Inapplicable ; Inapplicable ; Inapplicable ; Inapplicable ; Inapplicable ;
; seven_segment_display_three[3] ; Inapplicable ; Inapplicable ; Inapplicable ; Inapplicable ; Inapplicable ; Pass      ; Inapplicable ; Inapplicable ; Pass      ; Pass      ; Inapplicable ; Pass         ; Inapplicable ; Inapplicable ; Inapplicable ; Inapplicable ; Pass         ; Inapplicable ; Inapplicable ; Inapplicable ; Inapplicable ; Pass         ; Inapplicable ; Inapplicable ; Inapplicable ; Inapplicable ; Inapplicable ; Inapplicable ;
; seven_segment_display_three[4] ; Inapplicable ; Inapplicable ; Inapplicable ; Inapplicable ; Inapplicable ; Pass      ; Inapplicable ; Inapplicable ; Pass      ; Pass      ; Inapplicable ; Pass         ; Inapplicable ; Inapplicable ; Inapplicable ; Inapplicable ; Pass         ; Inapplicable ; Inapplicable ; Inapplicable ; Inapplicable ; Pass         ; Inapplicable ; Inapplicable ; Inapplicable ; Inapplicable ; Inapplicable ; Inapplicable ;
; seven_segment_display_three[5] ; Inapplicable ; Inapplicable ; Inapplicable ; Inapplicable ; Inapplicable ; Pass      ; Inapplicable ; Inapplicable ; Pass      ; Pass      ; Inapplicable ; Pass         ; Inapplicable ; Inapplicable ; Inapplicable ; Inapplicable ; Pass         ; Inapplicable ; Inapplicable ; Inapplicable ; Inapplicable ; Pass         ; Inapplicable ; Inapplicable ; Inapplicable ; Inapplicable ; Inapplicable ; Inapplicable ;
; seven_segment_display_three[6] ; Inapplicable ; Inapplicable ; Inapplicable ; Inapplicable ; Inapplicable ; Pass      ; Inapplicable ; Inapplicable ; Pass      ; Pass      ; Inapplicable ; Pass         ; Inapplicable ; Inapplicable ; Inapplicable ; Inapplicable ; Pass         ; Inapplicable ; Inapplicable ; Inapplicable ; Inapplicable ; Pass         ; Inapplicable ; Inapplicable ; Inapplicable ; Inapplicable ; Inapplicable ; Inapplicable ;
; seven_segment_display_four[0]  ; Inapplicable ; Inapplicable ; Inapplicable ; Inapplicable ; Inapplicable ; Pass      ; Inapplicable ; Inapplicable ; Pass      ; Pass      ; Inapplicable ; Pass         ; Inapplicable ; Inapplicable ; Inapplicable ; Inapplicable ; Pass         ; Inapplicable ; Inapplicable ; Inapplicable ; Inapplicable ; Pass         ; Inapplicable ; Inapplicable ; Inapplicable ; Inapplicable ; Inapplicable ; Inapplicable ;
; seven_segment_display_four[1]  ; Inapplicable ; Inapplicable ; Inapplicable ; Inapplicable ; Inapplicable ; Pass      ; Inapplicable ; Inapplicable ; Pass      ; Pass      ; Inapplicable ; Pass         ; Inapplicable ; Inapplicable ; Inapplicable ; Inapplicable ; Pass         ; Inapplicable ; Inapplicable ; Inapplicable ; Inapplicable ; Pass         ; Inapplicable ; Inapplicable ; Inapplicable ; Inapplicable ; Inapplicable ; Inapplicable ;
; seven_segment_display_four[2]  ; Inapplicable ; Inapplicable ; Inapplicable ; Inapplicable ; Inapplicable ; Pass      ; Inapplicable ; Inapplicable ; Pass      ; Pass      ; Inapplicable ; Pass         ; Inapplicable ; Inapplicable ; Inapplicable ; Inapplicable ; Pass         ; Inapplicable ; Inapplicable ; Inapplicable ; Inapplicable ; Pass         ; Inapplicable ; Inapplicable ; Inapplicable ; Inapplicable ; Inapplicable ; Inapplicable ;
; seven_segment_display_four[3]  ; Inapplicable ; Inapplicable ; Inapplicable ; Inapplicable ; Inapplicable ; Pass      ; Inapplicable ; Inapplicable ; Pass      ; Pass      ; Inapplicable ; Pass         ; Inapplicable ; Inapplicable ; Inapplicable ; Inapplicable ; Pass         ; Inapplicable ; Inapplicable ; Inapplicable ; Inapplicable ; Pass         ; Inapplicable ; Inapplicable ; Inapplicable ; Inapplicable ; Inapplicable ; Inapplicable ;
; seven_segment_display_four[4]  ; Inapplicable ; Inapplicable ; Inapplicable ; Inapplicable ; Inapplicable ; Pass      ; Inapplicable ; Inapplicable ; Pass      ; Pass      ; Inapplicable ; Pass         ; Inapplicable ; Inapplicable ; Inapplicable ; Inapplicable ; Pass         ; Inapplicable ; Inapplicable ; Inapplicable ; Inapplicable ; Pass         ; Inapplicable ; Inapplicable ; Inapplicable ; Inapplicable ; Inapplicable ; Inapplicable ;
; seven_segment_display_four[5]  ; Inapplicable ; Inapplicable ; Inapplicable ; Inapplicable ; Inapplicable ; Pass      ; Inapplicable ; Inapplicable ; Pass      ; Pass      ; Inapplicable ; Pass         ; Inapplicable ; Inapplicable ; Inapplicable ; Inapplicable ; Pass         ; Inapplicable ; Inapplicable ; Inapplicable ; Inapplicable ; Pass         ; Inapplicable ; Inapplicable ; Inapplicable ; Inapplicable ; Inapplicable ; Inapplicable ;
; seven_segment_display_four[6]  ; Inapplicable ; Inapplicable ; Inapplicable ; Inapplicable ; Inapplicable ; Pass      ; Inapplicable ; Inapplicable ; Pass      ; Pass      ; Inapplicable ; Pass         ; Inapplicable ; Inapplicable ; Inapplicable ; Inapplicable ; Pass         ; Inapplicable ; Inapplicable ; Inapplicable ; Inapplicable ; Pass         ; Inapplicable ; Inapplicable ; Inapplicable ; Inapplicable ; Inapplicable ; Inapplicable ;
; seven_segment_display_five[0]  ; Inapplicable ; Inapplicable ; Inapplicable ; Inapplicable ; Inapplicable ; Pass      ; Inapplicable ; Inapplicable ; Pass      ; Pass      ; Inapplicable ; Pass         ; Inapplicable ; Inapplicable ; Inapplicable ; Inapplicable ; Pass         ; Inapplicable ; Inapplicable ; Inapplicable ; Inapplicable ; Pass         ; Inapplicable ; Inapplicable ; Inapplicable ; Inapplicable ; Inapplicable ; Inapplicable ;
; seven_segment_display_five[1]  ; Inapplicable ; Inapplicable ; Inapplicable ; Inapplicable ; Inapplicable ; Pass      ; Inapplicable ; Inapplicable ; Pass      ; Pass      ; Inapplicable ; Pass         ; Inapplicable ; Inapplicable ; Inapplicable ; Inapplicable ; Pass         ; Inapplicable ; Inapplicable ; Inapplicable ; Inapplicable ; Pass         ; Inapplicable ; Inapplicable ; Inapplicable ; Inapplicable ; Inapplicable ; Inapplicable ;
; seven_segment_display_five[2]  ; Inapplicable ; Inapplicable ; Inapplicable ; Inapplicable ; Inapplicable ; Pass      ; Inapplicable ; Inapplicable ; Pass      ; Pass      ; Inapplicable ; Pass         ; Inapplicable ; Inapplicable ; Inapplicable ; Inapplicable ; Pass         ; Inapplicable ; Inapplicable ; Inapplicable ; Inapplicable ; Pass         ; Inapplicable ; Inapplicable ; Inapplicable ; Inapplicable ; Inapplicable ; Inapplicable ;
; seven_segment_display_five[3]  ; Inapplicable ; Inapplicable ; Inapplicable ; Inapplicable ; Inapplicable ; Pass      ; Inapplicable ; Inapplicable ; Pass      ; Pass      ; Inapplicable ; Pass         ; Inapplicable ; Inapplicable ; Inapplicable ; Inapplicable ; Pass         ; Inapplicable ; Inapplicable ; Inapplicable ; Inapplicable ; Pass         ; Inapplicable ; Inapplicable ; Inapplicable ; Inapplicable ; Inapplicable ; Inapplicable ;
; seven_segment_display_five[4]  ; Inapplicable ; Inapplicable ; Inapplicable ; Inapplicable ; Inapplicable ; Pass      ; Inapplicable ; Inapplicable ; Pass      ; Pass      ; Inapplicable ; Pass         ; Inapplicable ; Inapplicable ; Inapplicable ; Inapplicable ; Pass         ; Inapplicable ; Inapplicable ; Inapplicable ; Inapplicable ; Pass         ; Inapplicable ; Inapplicable ; Inapplicable ; Inapplicable ; Inapplicable ; Inapplicable ;
; seven_segment_display_five[5]  ; Inapplicable ; Inapplicable ; Inapplicable ; Inapplicable ; Inapplicable ; Pass      ; Inapplicable ; Inapplicable ; Pass      ; Pass      ; Inapplicable ; Pass         ; Inapplicable ; Inapplicable ; Inapplicable ; Inapplicable ; Pass         ; Inapplicable ; Inapplicable ; Inapplicable ; Inapplicable ; Pass         ; Inapplicable ; Inapplicable ; Inapplicable ; Inapplicable ; Inapplicable ; Inapplicable ;
; seven_segment_display_five[6]  ; Inapplicable ; Inapplicable ; Inapplicable ; Inapplicable ; Inapplicable ; Pass      ; Inapplicable ; Inapplicable ; Pass      ; Pass      ; Inapplicable ; Pass         ; Inapplicable ; Inapplicable ; Inapplicable ; Inapplicable ; Pass         ; Inapplicable ; Inapplicable ; Inapplicable ; Inapplicable ; Pass         ; Inapplicable ; Inapplicable ; Inapplicable ; Inapplicable ; Inapplicable ; Inapplicable ;
; seven_segment_display_six[0]   ; Inapplicable ; Inapplicable ; Inapplicable ; Inapplicable ; Inapplicable ; Pass      ; Inapplicable ; Inapplicable ; Pass      ; Pass      ; Inapplicable ; Pass         ; Inapplicable ; Inapplicable ; Inapplicable ; Inapplicable ; Pass         ; Inapplicable ; Inapplicable ; Inapplicable ; Inapplicable ; Pass         ; Inapplicable ; Inapplicable ; Inapplicable ; Inapplicable ; Inapplicable ; Inapplicable ;
; seven_segment_display_six[1]   ; Inapplicable ; Inapplicable ; Inapplicable ; Inapplicable ; Inapplicable ; Pass      ; Inapplicable ; Inapplicable ; Pass      ; Pass      ; Inapplicable ; Pass         ; Inapplicable ; Inapplicable ; Inapplicable ; Inapplicable ; Pass         ; Inapplicable ; Inapplicable ; Inapplicable ; Inapplicable ; Pass         ; Inapplicable ; Inapplicable ; Inapplicable ; Inapplicable ; Inapplicable ; Inapplicable ;
; seven_segment_display_six[2]   ; Inapplicable ; Inapplicable ; Inapplicable ; Inapplicable ; Inapplicable ; Pass      ; Inapplicable ; Inapplicable ; Pass      ; Pass      ; Inapplicable ; Pass         ; Inapplicable ; Inapplicable ; Inapplicable ; Inapplicable ; Pass         ; Inapplicable ; Inapplicable ; Inapplicable ; Inapplicable ; Pass         ; Inapplicable ; Inapplicable ; Inapplicable ; Inapplicable ; Inapplicable ; Inapplicable ;
; seven_segment_display_six[3]   ; Inapplicable ; Inapplicable ; Inapplicable ; Inapplicable ; Inapplicable ; Pass      ; Inapplicable ; Inapplicable ; Pass      ; Pass      ; Inapplicable ; Pass         ; Inapplicable ; Inapplicable ; Inapplicable ; Inapplicable ; Pass         ; Inapplicable ; Inapplicable ; Inapplicable ; Inapplicable ; Pass         ; Inapplicable ; Inapplicable ; Inapplicable ; Inapplicable ; Inapplicable ; Inapplicable ;
; seven_segment_display_six[4]   ; Inapplicable ; Inapplicable ; Inapplicable ; Inapplicable ; Inapplicable ; Pass      ; Inapplicable ; Inapplicable ; Pass      ; Pass      ; Inapplicable ; Pass         ; Inapplicable ; Inapplicable ; Inapplicable ; Inapplicable ; Pass         ; Inapplicable ; Inapplicable ; Inapplicable ; Inapplicable ; Pass         ; Inapplicable ; Inapplicable ; Inapplicable ; Inapplicable ; Inapplicable ; Inapplicable ;
; seven_segment_display_six[5]   ; Inapplicable ; Inapplicable ; Inapplicable ; Inapplicable ; Inapplicable ; Pass      ; Inapplicable ; Inapplicable ; Pass      ; Pass      ; Inapplicable ; Pass         ; Inapplicable ; Inapplicable ; Inapplicable ; Inapplicable ; Pass         ; Inapplicable ; Inapplicable ; Inapplicable ; Inapplicable ; Pass         ; Inapplicable ; Inapplicable ; Inapplicable ; Inapplicable ; Inapplicable ; Inapplicable ;
; seven_segment_display_six[6]   ; Inapplicable ; Inapplicable ; Inapplicable ; Inapplicable ; Inapplicable ; Pass      ; Inapplicable ; Inapplicable ; Pass      ; Pass      ; Inapplicable ; Pass         ; Inapplicable ; Inapplicable ; Inapplicable ; Inapplicable ; Pass         ; Inapplicable ; Inapplicable ; Inapplicable ; Inapplicable ; Pass         ; Inapplicable ; Inapplicable ; Inapplicable ; Inapplicable ; Inapplicable ; Inapplicable ;
; zero                           ; Inapplicable ; Inapplicable ; Inapplicable ; Inapplicable ; Inapplicable ; Pass      ; Inapplicable ; Inapplicable ; Pass      ; Pass      ; Inapplicable ; Pass         ; Inapplicable ; Inapplicable ; Inapplicable ; Inapplicable ; Pass         ; Inapplicable ; Inapplicable ; Inapplicable ; Inapplicable ; Pass         ; Inapplicable ; Inapplicable ; Inapplicable ; Inapplicable ; Inapplicable ; Inapplicable ;
; carry                          ; Inapplicable ; Inapplicable ; Inapplicable ; Inapplicable ; Inapplicable ; Pass      ; Inapplicable ; Inapplicable ; Pass      ; Pass      ; Inapplicable ; Pass         ; Inapplicable ; Inapplicable ; Inapplicable ; Inapplicable ; Pass         ; Inapplicable ; Inapplicable ; Inapplicable ; Inapplicable ; Pass         ; Inapplicable ; Inapplicable ; Inapplicable ; Inapplicable ; Inapplicable ; Inapplicable ;
; negative                       ; Inapplicable ; Inapplicable ; Inapplicable ; Inapplicable ; Inapplicable ; Pass      ; Inapplicable ; Inapplicable ; Pass      ; Pass      ; Inapplicable ; Pass         ; Inapplicable ; Inapplicable ; Inapplicable ; Inapplicable ; Pass         ; Inapplicable ; Inapplicable ; Inapplicable ; Inapplicable ; Pass         ; Inapplicable ; Inapplicable ; Inapplicable ; Inapplicable ; Inapplicable ; Inapplicable ;
; overflow                       ; Inapplicable ; Inapplicable ; Inapplicable ; Inapplicable ; Inapplicable ; Pass      ; Inapplicable ; Inapplicable ; Pass      ; Pass      ; Inapplicable ; Pass         ; Inapplicable ; Inapplicable ; Inapplicable ; Inapplicable ; Pass         ; Inapplicable ; Inapplicable ; Inapplicable ; Inapplicable ; Pass         ; Inapplicable ; Inapplicable ; Inapplicable ; Inapplicable ; Inapplicable ; Inapplicable ;
; operand_a_is_negative          ; Inapplicable ; Inapplicable ; Inapplicable ; Inapplicable ; Inapplicable ; Pass      ; Inapplicable ; Inapplicable ; Pass      ; Pass      ; Inapplicable ; Pass         ; Inapplicable ; Inapplicable ; Inapplicable ; Inapplicable ; Pass         ; Inapplicable ; Inapplicable ; Inapplicable ; Inapplicable ; Pass         ; Inapplicable ; Inapplicable ; Inapplicable ; Inapplicable ; Inapplicable ; Inapplicable ;
; operand_b_is_negative          ; Inapplicable ; Inapplicable ; Inapplicable ; Inapplicable ; Inapplicable ; Pass      ; Inapplicable ; Inapplicable ; Pass      ; Pass      ; Inapplicable ; Pass         ; Inapplicable ; Inapplicable ; Inapplicable ; Inapplicable ; Pass         ; Inapplicable ; Inapplicable ; Inapplicable ; Inapplicable ; Pass         ; Inapplicable ; Inapplicable ; Inapplicable ; Inapplicable ; Inapplicable ; Inapplicable ;
; result_is_negative             ; Inapplicable ; Inapplicable ; Inapplicable ; Inapplicable ; Inapplicable ; Pass      ; Inapplicable ; Inapplicable ; Pass      ; Pass      ; Inapplicable ; Pass         ; Inapplicable ; Inapplicable ; Inapplicable ; Inapplicable ; Pass         ; Inapplicable ; Inapplicable ; Inapplicable ; Inapplicable ; Pass         ; Inapplicable ; Inapplicable ; Inapplicable ; Inapplicable ; Inapplicable ; Inapplicable ;
; control[3]                     ; Inapplicable ; Inapplicable ; Inapplicable ; Inapplicable ; Inapplicable ; Pass      ; Inapplicable ; Inapplicable ; Pass      ; Pass      ; Inapplicable ; Inapplicable ; Inapplicable ; Inapplicable ; Inapplicable ; Inapplicable ; Inapplicable ; Inapplicable ; Inapplicable ; Inapplicable ; Inapplicable ; Inapplicable ; Inapplicable ; Inapplicable ; Inapplicable ; Inapplicable ; Inapplicable ; Inapplicable ;
; display_toggle_button          ; Inapplicable ; Inapplicable ; Inapplicable ; Inapplicable ; Inapplicable ; Pass      ; Inapplicable ; Inapplicable ; Pass      ; Pass      ; Inapplicable ; Inapplicable ; Inapplicable ; Inapplicable ; Inapplicable ; Inapplicable ; Inapplicable ; Inapplicable ; Inapplicable ; Inapplicable ; Inapplicable ; Inapplicable ; Inapplicable ; Inapplicable ; Inapplicable ; Inapplicable ; Inapplicable ; Inapplicable ;
; src0[2]                        ; Inapplicable ; Inapplicable ; Inapplicable ; Inapplicable ; Inapplicable ; Pass      ; Inapplicable ; Inapplicable ; Pass      ; Pass      ; Inapplicable ; Inapplicable ; Inapplicable ; Inapplicable ; Inapplicable ; Inapplicable ; Inapplicable ; Inapplicable ; Inapplicable ; Inapplicable ; Inapplicable ; Inapplicable ; Inapplicable ; Inapplicable ; Inapplicable ; Inapplicable ; Inapplicable ; Inapplicable ;
; src0[1]                        ; Inapplicable ; Inapplicable ; Inapplicable ; Inapplicable ; Inapplicable ; Pass      ; Inapplicable ; Inapplicable ; Pass      ; Pass      ; Inapplicable ; Inapplicable ; Inapplicable ; Inapplicable ; Inapplicable ; Inapplicable ; Inapplicable ; Inapplicable ; Inapplicable ; Inapplicable ; Inapplicable ; Inapplicable ; Inapplicable ; Inapplicable ; Inapplicable ; Inapplicable ; Inapplicable ; Inapplicable ;
; src0[0]                        ; Inapplicable ; Inapplicable ; Inapplicable ; Inapplicable ; Inapplicable ; Pass      ; Inapplicable ; Inapplicable ; Pass      ; Pass      ; Inapplicable ; Inapplicable ; Inapplicable ; Inapplicable ; Inapplicable ; Inapplicable ; Inapplicable ; Inapplicable ; Inapplicable ; Inapplicable ; Inapplicable ; Inapplicable ; Inapplicable ; Inapplicable ; Inapplicable ; Inapplicable ; Inapplicable ; Inapplicable ;
; src1[2]                        ; Inapplicable ; Inapplicable ; Inapplicable ; Inapplicable ; Inapplicable ; Pass      ; Inapplicable ; Inapplicable ; Pass      ; Pass      ; Inapplicable ; Inapplicable ; Inapplicable ; Inapplicable ; Inapplicable ; Inapplicable ; Inapplicable ; Inapplicable ; Inapplicable ; Inapplicable ; Inapplicable ; Inapplicable ; Inapplicable ; Inapplicable ; Inapplicable ; Inapplicable ; Inapplicable ; Inapplicable ;
; src1[0]                        ; Inapplicable ; Inapplicable ; Inapplicable ; Inapplicable ; Inapplicable ; Pass      ; Inapplicable ; Inapplicable ; Pass      ; Pass      ; Inapplicable ; Inapplicable ; Inapplicable ; Inapplicable ; Inapplicable ; Inapplicable ; Inapplicable ; Inapplicable ; Inapplicable ; Inapplicable ; Inapplicable ; Inapplicable ; Inapplicable ; Inapplicable ; Inapplicable ; Inapplicable ; Inapplicable ; Inapplicable ;
; src1[1]                        ; Inapplicable ; Inapplicable ; Inapplicable ; Inapplicable ; Inapplicable ; Pass      ; Inapplicable ; Inapplicable ; Pass      ; Pass      ; Inapplicable ; Inapplicable ; Inapplicable ; Inapplicable ; Inapplicable ; Inapplicable ; Inapplicable ; Inapplicable ; Inapplicable ; Inapplicable ; Inapplicable ; Inapplicable ; Inapplicable ; Inapplicable ; Inapplicable ; Inapplicable ; Inapplicable ; Inapplicable ;
; control[1]                     ; Inapplicable ; Inapplicable ; Inapplicable ; Inapplicable ; Inapplicable ; Pass      ; Inapplicable ; Inapplicable ; Pass      ; Pass      ; Inapplicable ; Inapplicable ; Inapplicable ; Inapplicable ; Inapplicable ; Inapplicable ; Inapplicable ; Inapplicable ; Inapplicable ; Inapplicable ; Inapplicable ; Inapplicable ; Inapplicable ; Inapplicable ; Inapplicable ; Inapplicable ; Inapplicable ; Inapplicable ;
; control[2]                     ; Inapplicable ; Inapplicable ; Inapplicable ; Inapplicable ; Inapplicable ; Pass      ; Inapplicable ; Inapplicable ; Pass      ; Pass      ; Inapplicable ; Inapplicable ; Inapplicable ; Inapplicable ; Inapplicable ; Inapplicable ; Inapplicable ; Inapplicable ; Inapplicable ; Inapplicable ; Inapplicable ; Inapplicable ; Inapplicable ; Inapplicable ; Inapplicable ; Inapplicable ; Inapplicable ; Inapplicable ;
; control[0]                     ; Inapplicable ; Inapplicable ; Inapplicable ; Inapplicable ; Inapplicable ; Pass      ; Inapplicable ; Inapplicable ; Pass      ; Pass      ; Inapplicable ; Inapplicable ; Inapplicable ; Inapplicable ; Inapplicable ; Inapplicable ; Inapplicable ; Inapplicable ; Inapplicable ; Inapplicable ; Inapplicable ; Inapplicable ; Inapplicable ; Inapplicable ; Inapplicable ; Inapplicable ; Inapplicable ; Inapplicable ;
+--------------------------------+--------------+--------------+--------------+--------------+--------------+-----------+--------------+--------------+-----------+-----------+--------------+--------------+--------------+--------------+--------------+--------------+--------------+--------------+--------------+--------------+--------------+--------------+--------------+--------------+--------------+--------------+--------------+--------------+


+------------------------------------------------------------------------------------------------+
; Fitter Device Options                                                                          ;
+------------------------------------------------------------------+-----------------------------+
; Option                                                           ; Setting                     ;
+------------------------------------------------------------------+-----------------------------+
; Enable user-supplied start-up clock (CLKUSR)                     ; Off                         ;
; Enable device-wide reset (DEV_CLRn)                              ; Off                         ;
; Enable device-wide output enable (DEV_OE)                        ; Off                         ;
; Enable INIT_DONE output                                          ; Off                         ;
; Configuration scheme                                             ; Passive Serial              ;
; Enable Error Detection CRC_ERROR pin                             ; Off                         ;
; Enable CvP_CONFDONE pin                                          ; Off                         ;
; Enable open drain on CRC_ERROR pin                               ; On                          ;
; Enable open drain on CvP_CONFDONE pin                            ; On                          ;
; Enable open drain on INIT_DONE pin                               ; On                          ;
; Enable open drain on Partial Reconfiguration pins                ; Off                         ;
; Enable open drain on nCEO pin                                    ; On                          ;
; Enable Partial Reconfiguration pins                              ; Off                         ;
; Enable input tri-state on active configuration pins in user mode ; Off                         ;
; Enable internal scrubbing                                        ; Off                         ;
; Active Serial clock source                                       ; 100 MHz Internal Oscillator ;
; Device initialization clock source                               ; Internal Oscillator         ;
; Configuration via Protocol                                       ; Off                         ;
; Configuration Voltage Level                                      ; Auto                        ;
; Force Configuration Voltage Level                                ; Off                         ;
; Enable nCEO output                                               ; Off                         ;
; Data[15..8]                                                      ; Unreserved                  ;
; Data[7..5]                                                       ; Unreserved                  ;
; Base pin-out file on sameframe device                            ; Off                         ;
+------------------------------------------------------------------+-----------------------------+


+------------------------------------+
; Operating Settings and Conditions  ;
+---------------------------+--------+
; Setting                   ; Value  ;
+---------------------------+--------+
; Nominal Core Voltage      ; 1.10 V ;
; Low Junction Temperature  ; 0 °C   ;
; High Junction Temperature ; 85 °C  ;
+---------------------------+--------+


+-----------------+
; Fitter Messages ;
+-----------------+
Warning (18236): Number of processors has not been specified which may cause overloading on shared machines.  Set the global assignment NUM_PARALLEL_PROCESSORS in your QSF to an appropriate value for best performance.
Info (20030): Parallel compilation is enabled and will use 16 of the 24 processors detected
Info (119006): Selected device 5CSEBA6U19C6 for design "top_level"
Info (21077): Low junction temperature is 0 degrees C
Info (21077): High junction temperature is 85 degrees C
Info (171003): Fitter is performing an Auto Fit compilation, which may decrease Fitter effort to reduce compilation time
Warning (292013): Feature LogicLock is only available with a valid subscription license. You can purchase a software subscription to gain full access to this feature.
Warning (15714): Some pins have incomplete I/O assignments. Refer to the I/O Assignment Warnings report for details
Critical Warning (169085): No exact pin location assignment(s) for 60 pins of 60 total pins. For the list of pins please refer to the I/O Assignment Warnings table in the fitter report.
Info (184020): Starting Fitter periphery placement operations
Info (184021): Fitter periphery placement operations ending: elapsed time is 00:00:00
Info (176233): Starting register packing
Info (176235): Finished register packing
    Extra Info (176219): No registers were packed into other blocks
Info (11798): Fitter preparation operations ending: elapsed time is 00:00:05
Info (332104): Reading SDC File: '../sdc/timing_constraints.sdc'
Info (332144): No user constrained base clocks found in the design
Info (332096): The command derive_clocks did not find any clocks to derive.  No clocks were created or changed.
Warning (332068): No clocks defined in design.
Info (332143): No user constrained clock uncertainty found in the design. Calling "derive_clock_uncertainty"
Info (332154): The derive_clock_uncertainty command did not apply clock uncertainty to any clock-to-clock transfers.
Info (332129): Detected timing requirements -- optimizing circuit to achieve only the specified requirements
Info (332159): No clocks to report
Warning (332068): No clocks defined in design.
Info (170189): Fitter placement preparation operations beginning
Info (14951): The Fitter is using Advanced Physical Optimization.
Info (170190): Fitter placement preparation operations ending: elapsed time is 00:00:22
Info (170191): Fitter placement operations beginning
Info (170137): Fitter placement was successful
Info (170192): Fitter placement operations ending: elapsed time is 00:00:01
Info (170193): Fitter routing operations beginning
Info (170195): Router estimated average interconnect usage is 0% of the available device resources
    Info (170196): Router estimated peak interconnect usage is 2% of the available device resources in the region that extends from location X56_Y0 to location X66_Y10
Info (170199): The Fitter performed an Auto Fit compilation.  Optimizations were skipped to reduce compilation time.
    Info (170201): Optimizations that may affect the design's routability were skipped
    Info (170200): Optimizations that may affect the design's timing were skipped
Info (170194): Fitter routing operations ending: elapsed time is 00:00:01
Info (11888): Total time spent on timing analysis during the Fitter is 0.36 seconds.
Info (334003): Started post-fitting delay annotation
Info (334004): Delay annotation completed successfully
Info (334003): Started post-fitting delay annotation
Info (334004): Delay annotation completed successfully
Info (11801): Fitter post-fit operations ending: elapsed time is 00:00:03
Info (144001): Generated suppressed messages file C:/ByronBP/SemAct/Proyecto-Taller/group7_ce3201_s2_g1_2026/sprint1/quartus/output_files/top_level.fit.smsg
Info: Quartus Prime Fitter was successful. 0 errors, 6 warnings
    Info: Peak virtual memory: 7986 megabytes
    Info: Processing ended: Mon Sep 21 02:29:01 2026
    Info: Elapsed time: 00:01:02
    Info: Total CPU time (on all processors): 00:06:56


+----------------------------+
; Fitter Suppressed Messages ;
+----------------------------+
The suppressed messages can be found in C:/ByronBP/SemAct/Proyecto-Taller/group7_ce3201_s2_g1_2026/sprint1/quartus/output_files/top_level.fit.smsg.


